timestamp,agv_x,agv_y,drone_points
1.7711e+09,-7.07554,7.0339,-1.725;2.025|-3.975;3.825|-6.075;5.925
1.7711e+09,-7.12455,7.02401,-1.725;2.025|-3.975;3.825|-6.075;5.925
1.7711e+09,-7.17356,7.01413,-1.725;2.025|-3.975;3.825|-6.075;5.925
1.7711e+09,-7.22258,7.00424,-1.725;2.025|-2.025;2.325|-4.275;3.975|-6.375;6.075
1.7711e+09,-7.27159,6.99435,-1.725;2.025|-2.025;2.325|-4.275;3.975|-6.375;6.075
1.7711e+09,-7.3206,6.98446,-1.725;2.025|-2.025;2.325|-4.275;3.975|-6.375;6.075
1.7711e+09,-7.36961,6.97458,-1.725;2.025|-2.025;2.325|-4.425;3.975|-6.525;6.075
1.7711e+09,-7.41863,6.96469,-1.725;2.025|-2.025;2.325|-4.425;3.975|-6.525;6.075
1.7711e+09,-7.46764,6.9548,-1.725;2.025|-2.025;2.325|-4.425;3.975|-6.525;6.075
1.7711e+09,-7.51665,6.94491,-1.725;2.025|-2.025;2.325|-4.425;3.825|-6.525;5.925
1.7711e+09,-7.56566,6.93503,-1.725;2.025|-2.025;2.325|-4.425;3.825|-6.525;5.925
1.7711e+09,-7.61468,6.92514,-1.725;2.025|-2.025;2.325|-4.425;3.825|-6.525;5.925
1.7711e+09,-7.62921,6.90299,-1.725;2.025|-2.025;2.325|-4.425;3.825|-6.525;5.925
1.7711e+09,-7.59744,6.86438,-1.725;2.025|-2.025;2.325|-4.575;3.825|-6.675;5.925
1.7711e+09,-7.56567,6.82578,-1.725;2.025|-2.025;2.325|-4.575;3.825|-6.675;5.925
1.7711e+09,-7.5339,6.78717,-1.725;2.025|-2.025;2.325|-4.575;3.825|-6.675;5.925
1.7711e+09,-7.50213,6.74856,-1.725;2.025|-2.025;2.325|-4.575;3.675|-6.675;5.775
1.7711e+09,-7.47036,6.70995,-1.725;2.025|-2.025;2.325|-4.575;3.825|-6.675;5.925
1.7711e+09,-7.43859,6.67134,-1.725;2.025|-2.025;2.325|-4.575;3.825|-6.675;5.925
1.7711e+09,-7.40682,6.63273,-1.725;2.025|-2.025;2.325|-4.575;3.825|-6.675;5.925
1.7711e+09,-7.37505,6.59412,-1.725;2.025|-2.025;2.325|-4.575;3.675|-6.675;5.775
1.7711e+09,-7.34328,6.55551,-1.725;2.025|-2.025;2.325|-4.575;3.825|-6.675;5.925
1.7711e+09,-7.31151,6.5169,-1.725;2.025|-2.025;2.325|-4.575;3.825|-6.675;5.925
1.7711e+09,-7.27974,6.47829,-1.725;2.025|-2.025;2.325|-4.575;3.825|-6.675;5.925
1.7711e+09,-7.24797,6.43968,-1.725;2.025|-2.025;2.325|-4.575;3.675|-6.675;5.775
1.7711e+09,-7.2162,6.40107,-1.725;2.025|-2.025;2.325|-4.575;3.675|-6.675;5.775
1.7711e+09,-7.18443,6.36246,-1.725;2.025|-2.025;2.325|-4.575;3.825|-6.675;5.925
1.7711e+09,-7.15266,6.32385,-1.725;2.025|-2.025;2.325|-4.575;3.825|-6.675;5.925
1.7711e+09,-7.12089,6.28525,-1.725;2.025|-2.025;2.325|-4.575;3.675|-6.675;5.775
1.7711e+09,-7.08912,6.24664,-1.725;2.025|-2.025;2.325|-4.575;3.675|-6.675;5.775
1.7711e+09,-7.05735,6.20803,-1.725;2.025|-2.025;2.325|-4.575;3.675|-6.675;5.775
1.7711e+09,-7.02558,6.16942,-1.725;2.025|-2.025;2.325|-4.575;3.825|-6.675;5.925
1.7711e+09,-6.99381,6.13081,-1.725;2.025|-2.025;2.325|-4.575;3.675|-6.675;5.775
1.7711e+09,-6.96204,6.0922,-1.725;2.025|-2.025;2.325|-4.575;3.675|-6.675;5.775
1.7711e+09,-6.93027,6.05359,-1.725;2.025|-2.025;2.325|-4.575;3.675|-6.675;5.775
1.7711e+09,-6.8985,6.01498,-1.725;2.025|-2.025;2.325|-4.575;3.825|-6.675;5.925
1.7711e+09,-6.86673,5.97637,-1.725;2.025|-2.025;2.325|-4.575;3.675|-6.675;5.775
1.7711e+09,-6.83496,5.93776,-1.725;2.025|-2.025;2.325|-4.575;3.675|-6.675;5.775
1.7711e+09,-6.80319,5.89915,-1.725;2.025|-2.025;2.325|-4.575;3.675|-6.675;5.775
1.7711e+09,-6.77142,5.86054,-1.725;2.025|-2.025;2.325|-4.575;3.675|-6.675;5.775
1.7711e+09,-6.73965,5.82193,-1.725;2.025|-2.025;2.325|-4.575;3.675|-6.525;5.625
1.7711e+09,-6.70788,5.78333,-1.725;2.025|-2.025;2.325|-4.575;3.675|-6.525;5.625
1.7711e+09,-6.67611,5.74472,-1.725;2.025|-2.025;2.325|-4.575;3.675|-6.525;5.625
1.7711e+09,-6.64434,5.70611,-1.725;2.025|-2.025;2.325|-4.575;3.675|-6.525;5.625
1.7711e+09,-6.61257,5.6675,-2.475;0.975|-2.925;1.425|-4.725;3.675
1.7711e+09,-6.5808,5.62889,-1.725;2.025|-2.025;2.325|-4.575;3.675
1.7711e+09,-6.54903,5.59028,-1.725;2.025|-2.025;2.325|-4.575;3.675
1.7711e+09,-6.51726,5.55167,-1.725;2.025|-2.025;2.325|-4.575;3.675
1.7711e+09,-6.48549,5.51306,-2.475;0.975|-2.925;1.425|-4.725;3.675
1.7711e+09,-6.45372,5.47445,-2.475;0.975|-2.925;1.425|-4.725;3.675
1.7711e+09,-6.42195,5.43584,-1.725;2.025|-2.025;2.325|-4.575;3.675
1.7711e+09,-6.39018,5.39723,-2.475;0.975|-2.925;1.425|-4.725;3.675
1.7711e+09,-6.35842,5.35862,-2.475;0.975|-2.925;1.425|-4.725;3.675
1.7711e+09,-6.32665,5.32001,-2.475;0.975|-2.925;1.425|-4.725;3.675
1.7711e+09,-6.29488,5.28141,-1.725;2.025|-2.025;2.325|-4.575;3.675
1.7711e+09,-6.26311,5.2428,-2.475;0.975|-2.925;1.425|-4.725;3.675
1.7711e+09,-6.23134,5.20419,-2.475;0.975|-2.925;1.425|-4.725;3.675
1.7711e+09,-6.19957,5.16558,-2.475;0.975|-2.925;1.425|-4.725;3.675
1.7711e+09,-6.1678,5.12697,-2.475;0.975|-2.925;1.425|-4.725;3.675
1.7711e+09,-6.13603,5.08836,-2.475;0.975|-2.925;1.425|-4.725;3.675
1.7711e+09,-6.10426,5.04975,-2.475;0.975|-2.925;1.425|-4.725;3.675
1.7711e+09,-6.07249,5.01114,-2.475;0.975|-2.925;1.425|-4.725;3.675
1.7711e+09,-6.04072,4.97253,-2.475;0.975|-2.925;1.425|-4.725;3.675
1.7711e+09,-6.00895,4.93392,-2.475;0.975|-4.425;3.225
1.7711e+09,-5.97718,4.89531,-2.475;0.975|-2.925;1.425|-4.725;3.675
1.7711e+09,-5.94541,4.8567,-2.475;0.975|-2.925;1.425|-4.725;3.675
1.7711e+09,-5.91364,4.81809,-2.475;0.975|-2.925;1.425|-4.725;3.675
1.7711e+09,-5.88187,4.77948,-2.475;0.975|-4.425;3.225
1.7711e+09,-5.8501,4.74088,-2.475;0.975|-4.425;3.225
1.7711e+09,-5.81833,4.70227,-2.475;0.975|-2.925;1.425|-4.725;3.675
1.7711e+09,-5.78656,4.66366,-2.475;0.975|-2.925;1.425|-4.725;3.675
1.7711e+09,-5.75479,4.62505,-2.475;0.975|-4.425;3.225
1.7711e+09,-5.72302,4.58644,-2.475;0.975|-4.425;3.225
1.7711e+09,-5.69125,4.54783,-2.475;0.975|-2.925;1.425|-4.725;3.675
1.7711e+09,-5.65948,4.50922,-2.475;0.975|-2.925;1.425|-4.725;3.675
1.7711e+09,-5.62771,4.47061,-2.475;0.975|-4.425;3.225
1.7711e+09,-5.59594,4.432,-2.475;0.975|-4.425;3.225
1.7711e+09,-5.56417,4.39339,-2.475;0.975|-4.425;3.225
1.7711e+09,-5.5324,4.35478,-2.475;0.975|-2.925;1.425|-4.725;3.675
1.7711e+09,-5.50063,4.31617,-2.475;0.975|-4.425;3.225
1.7711e+09,-5.46886,4.27756,-2.475;0.975|-4.425;3.225
1.7711e+09,-5.43709,4.23896,-2.475;0.975|-4.425;3.225
1.7711e+09,-5.40532,4.20035,-2.475;0.975|-4.425;3.225
1.7711e+09,-5.37355,4.16174,-2.475;0.975|-4.425;3.225
1.7711e+09,-5.34178,4.12313,-2.475;0.975|-4.425;3.225
1.7711e+09,-5.31001,4.08452,-2.475;0.975|-4.425;3.225
1.7711e+09,-5.27824,4.04591,-2.475;0.975|-4.425;3.075
1.7711e+09,-5.24647,4.0073,-2.475;0.975|-4.425;3.225
1.7711e+09,-5.2147,3.96869,-2.475;0.975|-4.425;3.225
1.7711e+09,-5.18293,3.93008,-2.475;0.975|-4.425;3.225
1.7711e+09,-5.15116,3.89147,-2.475;0.975|-4.425;3.075
1.7711e+09,-5.11939,3.85286,-2.475;0.975|-4.425;3.075
1.7711e+09,-5.08762,3.81425,-2.475;0.975|-4.425;3.225
1.7711e+09,-5.05585,3.77564,-2.475;0.975|-4.425;3.225
1.7711e+09,-5.02408,3.73704,-2.475;0.975|-4.425;3.075
1.7711e+09,-4.99231,3.69843,-2.475;0.975|-4.425;3.075
1.7711e+09,-4.96054,3.65982,-2.475;0.975|-4.425;3.075
1.7711e+09,-4.92877,3.62121,-2.475;0.975|-4.425;3.225
1.7711e+09,-4.897,3.5826,-2.475;0.975|-4.425;3.075
1.7711e+09,-4.86523,3.54399,-2.475;0.975|-4.425;3.075
1.7711e+09,-4.83346,3.50538,-2.475;0.975|-4.425;3.075
1.7711e+09,-4.80169,3.46677,-2.475;0.975|-4.425;3.075
1.7711e+09,-4.76992,3.42816,-2.475;0.975|-4.425;3.075
1.7711e+09,-4.73815,3.38955,-2.475;0.975|-4.425;3.075
1.7711e+09,-4.70638,3.35094,-2.475;0.975|-4.425;3.075
1.7711e+09,-4.67461,3.31233,-2.475;0.975|-4.425;3.075
1.7711e+09,-4.64284,3.27372,-2.475;0.975|-4.425;3.075
1.7711e+09,-4.61107,3.23512,-2.475;0.975|-4.425;3.075
1.7711e+09,-4.5793,3.19651,-2.475;0.975|-4.425;3.075
1.7711e+09,-4.54753,3.1579,-2.475;0.975|-4.425;3.075
1.7711e+09,-4.51576,3.11929,-2.475;0.975|-4.425;2.925
1.7711e+09,-4.54259,3.0793,-2.475;0.975|-4.425;2.925
1.7711e+09,-4.57251,3.03923,-2.475;0.975|-4.425;2.925
1.7711e+09,-4.60243,2.99917,-2.625;0.975
1.7711e+09,-4.63234,2.95911,-2.625;0.975
1.7711e+09,-4.66226,2.91905,-2.625;0.825|-4.575;2.775
1.7711e+09,-4.69217,2.87898,-2.625;0.825|-4.575;2.775
1.7711e+09,-4.72209,2.83892,-2.625;0.675|-4.575;2.625
1.7711e+09,-4.75201,2.79886,-2.625;0.675|-4.575;2.625
1.7711e+09,-4.78192,2.75879,-2.625;0.675|-4.575;2.625
1.7711e+09,-4.81184,2.71873,-2.775;0.675|-4.725;2.625
1.7711e+09,-4.84175,2.67867,-2.775;0.675|-4.725;2.475
1.7711e+09,-4.87167,2.63861,-2.775;0.675|-4.725;2.475
1.7711e+09,-4.90158,2.59854,-2.775;0.675|-4.725;2.475
1.7711e+09,-4.9315,2.55848,-2.775;0.675|-4.725;2.475
1.7711e+09,-4.96142,2.51842,-2.775;0.675|-4.875;2.325
1.7711e+09,-4.99133,2.47835,-2.775;0.675|-4.875;2.325
1.7711e+09,-5.02125,2.43829,-2.775;0.675|-4.875;2.325
1.7711e+09,-5.05116,2.39823,-2.775;0.675
1.7711e+09,-5.08108,2.35816,-2.775;0.675
1.7711e+09,-5.111,2.3181,-2.775;0.675|-5.025;2.175
1.7711e+09,-5.14091,2.27804,-2.775;0.675|-5.025;2.175
1.7711e+09,-5.17083,2.23798,-2.775;0.675|-5.025;2.025
1.7711e+09,-5.20074,2.19791,-2.775;0.675|-5.025;2.025
1.7711e+09,-5.23066,2.15785,-2.775;0.675|-5.025;2.025
1.7711e+09,-5.26058,2.11779,-2.775;0.675|-5.175;2.025
1.7711e+09,-5.29049,2.07772,-2.775;0.675|-5.175;1.875
1.7711e+09,-5.32041,2.03766,-2.775;0.675|-5.175;1.875
1.7711e+09,-5.35032,1.9976,-2.775;0.675|-5.175;1.875
1.7711e+09,-5.38024,1.95754,-2.775;0.675|-5.175;1.875
1.7711e+09,-5.41016,1.91747,-2.775;0.675|-5.325;1.725
1.7711e+09,-5.44007,1.87741,-2.775;0.675|-5.325;1.725
1.7711e+09,-5.46999,1.83735,-2.775;0.675|-5.325;1.725
1.7711e+09,-5.4999,1.79728,-2.775;0.675|-5.325;1.575
1.7711e+09,-5.52982,1.75722,-2.775;0.675|-5.325;1.575
1.7711e+09,-5.55974,1.71716,-2.775;-0.525|-3.075;-0.675|-3.225;-0.675|-5.325;1.425
1.7711e+09,-5.58965,1.6771,-2.775;-0.525|-3.075;-0.675|-3.225;-0.675|-5.325;1.425
1.7711e+09,-5.61957,1.63703,-2.775;-0.525|-3.075;-0.675|-3.525;-0.525|-5.475;1.425
1.7711e+09,-5.64948,1.59697,-2.775;-0.525|-3.075;-0.675|-3.525;-0.525|-5.475;1.425
1.7711e+09,-5.6794,1.55691,-2.775;-0.525|-3.075;-0.675|-3.525;-0.525|-5.475;1.425
1.7711e+09,-5.70932,1.51684,-2.775;-0.525|-3.075;-0.675|-3.825;-0.375
1.7711e+09,-5.73923,1.47678,-2.775;-0.525|-3.075;-0.675|-4.125;-0.225
1.7711e+09,-5.76915,1.43672,-2.775;-0.525|-3.075;-0.675|-4.125;-0.225
1.7711e+09,-5.79906,1.39666,-2.775;-0.525|-3.075;-0.675|-4.125;-0.225
1.7711e+09,-5.82898,1.35659,-2.775;-0.525|-3.075;-0.675|-4.125;-0.225
1.7711e+09,-5.8589,1.31653,-2.775;-0.525|-3.075;-0.675|-4.725;0.0750004
1.7711e+09,-5.88881,1.27647,-2.775;-0.525|-3.075;-0.675|-4.725;0.0750004
1.7711e+09,-5.91873,1.2364,-2.775;-0.525|-3.075;-0.675|-4.725;0.0750004
1.7711e+09,-5.94864,1.19634,-2.775;-0.525|-3.075;-0.675|-5.025;0.225
1.7711e+09,-5.97856,1.15628,-2.775;-0.525|-3.075;-0.675|-5.025;0.225
1.7711e+09,-6.00848,1.11622,-2.775;-0.525|-3.075;-0.675|-5.325;0.375
1.7711e+09,-6.03839,1.07615,-2.775;-0.525|-3.075;-0.675|-5.325;0.375
1.7711e+09,-6.06831,1.03609,-2.775;-0.525|-3.075;-0.675|-5.625;0.525
1.7711e+09,-6.09822,0.996027,-2.775;-0.525|-3.075;-0.675|-5.625;0.525
1.7711e+09,-6.12814,0.955964,-2.775;-0.525|-3.075;-0.675|-5.625;0.525
1.7711e+09,-6.15805,0.915901,-2.775;-0.525|-3.075;-0.675|-5.775;0.525
1.7711e+09,-6.18797,0.875838,-2.775;-0.525|-3.075;-0.675|-5.775;0.375
1.7711e+09,-6.21789,0.835775,-2.775;-0.525|-3.075;-0.675|-5.775;0.375
1.7711e+09,-6.2478,0.795712,-2.775;-0.525|-3.075;-0.675|-5.775;0.375
1.7711e+09,-6.27772,0.755649,-2.775;-0.525|-3.075;-0.675|-5.775;0.375
1.7711e+09,-6.30763,0.715586,-2.775;-0.525|-3.075;-0.675|-5.925;0.225
1.7711e+09,-6.33755,0.675523,-2.775;-0.525|-3.075;-0.675|-5.925;0.225
1.7711e+09,-6.36747,0.63546,-2.775;-0.525|-3.075;-0.675|-5.925;0.225
1.7711e+09,-6.39738,0.595398,-2.775;-0.525|-3.075;-0.675|-5.925;0.0750004
1.7711e+09,-6.4273,0.555335,-2.775;-0.525|-3.075;-0.675|-5.925;0.0750004
1.7711e+09,-6.45721,0.515272,-2.775;-0.525|-3.075;-0.675|-5.925;-0.0749996
1.7711e+09,-6.48713,0.475209,-2.775;-0.525|-3.075;-0.675|-5.925;-0.0749996
1.7711e+09,-6.51705,0.435146,-2.775;-0.525|-3.075;-0.675|-5.925;-0.225
1.7711e+09,-6.54696,0.395083,-2.775;-0.525|-3.075;-0.675|-5.925;-0.225
1.7711e+09,-6.57688,0.35502,-2.775;-0.525|-3.075;-0.675|-5.925;-0.225
1.7711e+09,-6.60679,0.314957,-2.775;-0.525|-3.075;-0.675|-5.925;-0.375
1.7711e+09,-6.63671,0.274894,-2.775;-0.525|-3.075;-0.675|-5.925;-0.525
1.7711e+09,-6.66663,0.234831,-2.775;-0.525|-3.075;-0.675|-5.925;-0.525
1.7711e+09,-6.69654,0.194769,-2.775;-0.525|-3.075;-0.675|-5.925;-0.525
1.7711e+09,-6.72646,0.154706,-2.775;-0.525|-3.075;-0.675|-5.925;-0.525
1.7711e+09,-6.75637,0.114643,-2.775;-0.525|-3.075;-0.675|-5.925;-0.675
1.7711e+09,-6.78629,0.0745799,-2.775;-0.525|-3.075;-0.675|-5.925;-0.675
1.7711e+09,-6.81621,0.034517,-2.775;-0.525|-3.075;-0.675|-5.925;-0.675
1.7711e+09,-6.84612,-0.00554588,-2.775;-0.525|-3.075;-0.675|-5.925;-0.675
1.7711e+09,-6.87604,-0.0456088,-2.775;-0.525|-3.075;-0.675|-5.925;-0.675
1.7711e+09,-6.90595,-0.0856717,-2.775;-0.525|-3.075;-0.675|-5.925;-0.675
1.7711e+09,-6.93587,-0.125735,-2.775;-0.525|-3.075;-0.675|-5.925;-0.675
1.7711e+09,-6.96579,-0.165797,-2.775;-0.525|-3.075;-0.675|-5.925;-0.675
1.7711e+09,-6.9957,-0.20586,-2.775;-0.525|-3.075;-0.675|-5.925;-0.675
1.7711e+09,-7.02562,-0.245923,-2.775;-0.525|-3.075;-0.675|-5.925;-0.675
1.7711e+09,-7.05553,-0.285986,-2.775;-0.525|-3.075;-0.675|-5.925;-0.675
1.7711e+09,-7.08545,-0.326049,-2.775;-0.525|-3.075;-0.675|-5.925;-0.675
1.7711e+09,-7.11537,-0.366112,-2.775;-0.525|-3.075;-0.675|-5.925;-0.675
1.7711e+09,-7.14528,-0.406175,-2.775;-0.525|-3.075;-0.675|-5.925;-0.675
1.7711e+09,-7.1752,-0.446238,-2.775;-0.525|-3.075;-0.675|-5.925;-0.675
1.7711e+09,-7.20511,-0.486301,-2.775;-0.525|-3.075;-0.675|-5.925;-0.675
1.7711e+09,-7.23503,-0.526364,-2.775;-0.525|-3.075;-0.675|-5.925;-0.675
1.7711e+09,-7.26495,-0.566426,-2.775;-0.525|-3.075;-0.675|-5.925;-0.675
1.7711e+09,-7.29486,-0.606489,-2.775;-0.525|-3.075;-0.675|-5.925;-0.675
1.7711e+09,-7.32478,-0.646552,-2.775;-0.525|-3.075;-0.675|-5.925;-0.675
1.7711e+09,-7.35469,-0.686615,-2.775;-0.525|-3.075;-0.675|-5.925;-0.675
1.7711e+09,-7.38461,-0.726678,-2.775;-0.525|-3.075;-0.675|-5.925;-0.675
1.7711e+09,-7.41453,-0.766741,-2.775;-0.525|-3.075;-0.675|-5.925;-0.675
1.7711e+09,-7.44444,-0.806804,-2.775;-0.525|-3.075;-0.675|-5.925;-0.675
1.7711e+09,-7.47436,-0.846867,-2.775;-0.525|-3.075;-0.675|-5.925;-0.675
1.7711e+09,-7.50427,-0.88693,-2.775;-0.525|-3.075;-0.675|-5.925;-0.675
1.7711e+09,-7.53419,-0.926992,-2.775;-0.525|-3.075;-0.675|-5.925;-0.675
1.7711e+09,-7.5641,-0.967055,-2.775;-0.525|-3.075;-0.675|-5.925;-0.675
1.7711e+09,-7.59402,-1.00712,-2.775;-0.525|-3.075;-0.675|-5.925;-0.675
1.7711e+09,-7.62394,-1.04718,-2.775;-0.525|-3.075;-0.675|-5.925;-0.675
1.7711e+09,-7.65385,-1.08724,-2.775;-0.525|-3.075;-0.675|-5.925;-0.675
1.7711e+09,-7.68377,-1.12731,-2.775;-0.525|-3.075;-0.675|-5.925;-0.675
1.7711e+09,-7.71368,-1.16737,-2.775;-0.525|-3.075;-0.675|-5.925;-0.675
1.7711e+09,-7.7436,-1.20743,-2.775;-0.525|-3.075;-0.675|-5.925;-0.675
1.7711e+09,-7.77352,-1.2475,-2.775;-0.525|-3.075;-0.675|-5.925;-0.675
1.7711e+09,-7.80343,-1.28756,-2.775;-0.525|-3.075;-0.675|-5.925;-0.675
1.7711e+09,-7.83335,-1.32762,-2.775;-0.525|-3.075;-0.675|-5.925;-0.675
1.7711e+09,-7.86326,-1.36768,-2.775;-0.525|-3.075;-0.675|-5.925;-0.675
1.7711e+09,-7.89318,-1.40775,-2.775;-0.525|-3.075;-0.675|-5.925;-0.675
1.7711e+09,-7.9231,-1.44781,-2.775;-0.525|-3.075;-0.675|-5.925;-0.675
1.7711e+09,-7.95301,-1.48787,-2.775;-0.525|-3.075;-0.675|-5.925;-0.675
1.7711e+09,-7.98293,-1.52794,-2.775;-0.525|-3.075;-0.675|-5.925;-0.675
1.7711e+09,-8.01284,-1.568,-2.775;-0.525|-3.075;-0.675|-5.925;-0.675
1.7711e+09,-8.04276,-1.60806,-2.775;-0.525|-3.075;-0.675|-5.925;-0.675
1.7711e+09,-8.07268,-1.64812,-2.775;-0.525|-3.075;-0.675|-5.925;-0.675
1.7711e+09,-8.10259,-1.68819,-2.775;-0.525|-3.075;-0.675|-5.925;-0.675
1.7711e+09,-8.13251,-1.72825,-2.775;-0.525|-3.075;-0.675|-5.925;-0.675
1.7711e+09,-8.16242,-1.76831,-2.775;-0.525|-3.075;-0.675|-5.925;-0.675
1.7711e+09,-8.19234,-1.80838,-2.775;-0.525|-3.075;-0.675|-5.925;-0.675
1.7711e+09,-8.22226,-1.84844,-2.775;-0.525|-3.075;-0.675|-5.925;-0.675
1.7711e+09,-8.19175,-1.86389,-2.775;-0.525|-3.075;-0.675|-5.925;-0.675
1.7711e+09,-8.14236,-1.87165,-2.775;-0.525|-3.075;-0.675|-5.925;-0.675
1.7711e+09,-8.09297,-1.8794,-2.775;-0.525|-3.075;-0.675|-5.925;-0.675
1.7711e+09,-8.04357,-1.88716,-2.775;-0.525|-3.075;-0.675|-5.925;-0.675
1.7711e+09,-7.99418,-1.89492,-2.775;-0.525|-3.075;-0.675|-5.925;-0.675
1.7711e+09,-7.94478,-1.90267,-2.775;-0.525|-3.075;-0.675|-5.925;-0.675
1.7711e+09,-7.89539,-1.91043,-2.775;-0.525|-3.075;-0.675|-5.925;-0.675
1.7711e+09,-7.84599,-1.91818,-2.775;-0.525|-3.075;-0.675|-5.925;-0.675
1.7711e+09,-7.7966,-1.92594,-2.775;-0.525|-3.075;-0.675|-5.925;-0.675
1.7711e+09,-7.7472,-1.9337,-2.775;-0.525|-3.075;-0.675|-5.925;-0.675
1.7711e+09,-7.69781,-1.94145,-2.775;-0.525|-3.075;-0.675|-5.925;-0.675
1.7711e+09,-7.64841,-1.94921,-2.775;-0.525|-3.075;-0.675|-5.925;-0.675
1.7711e+09,-7.59902,-1.95697,-2.775;-0.525|-3.075;-0.675|-5.925;-0.675
1.7711e+09,-7.54962,-1.96472,-2.775;-0.525|-3.075;-0.675|-5.925;-0.675
1.7711e+09,-7.50023,-1.97248,-2.775;-0.525|-3.075;-0.675|-5.925;-0.675
1.7711e+09,-7.45083,-1.98023,-2.775;-0.525|-3.075;-0.675|-5.925;-0.675
1.7711e+09,-7.40144,-1.98799,-2.775;-0.525|-3.075;-0.675|-5.925;-0.675
1.7711e+09,-7.35204,-1.99575,-2.775;-0.525|-3.075;-0.675|-5.925;-0.675
1.7711e+09,-7.30265,-2.0035,-2.775;-0.525|-3.075;-0.675|-5.925;-0.675
1.7711e+09,-7.25325,-2.01126,-2.775;-0.525|-3.075;-0.675|-5.925;-0.675
1.7711e+09,-7.20386,-2.01902,-2.775;-0.525|-3.075;-0.675|-5.925;-0.675
1.7711e+09,-7.15446,-2.02677,-2.775;-0.525|-3.075;-0.675|-5.775;-0.675
1.7711e+09,-7.10507,-2.03453,-2.775;-0.525|-3.075;-0.675|-5.775;-0.675
1.7711e+09,-7.05568,-2.04228,-2.775;-0.525|-3.075;-0.675|-5.775;-0.675
1.7711e+09,-7.00628,-2.05004,-2.775;-0.525|-5.325;-1.875|-5.625;-2.025
1.7711e+09,-6.95689,-2.0578,-2.775;-0.525|-5.325;-1.875|-5.625;-2.025
1.7711e+09,-6.90749,-2.06555,-2.775;-0.525|-5.325;-1.875|-5.625;-2.025
1.7711e+09,-6.8581,-2.07331,-2.775;-0.525|-5.325;-1.875|-5.625;-2.025
1.7711e+09,-6.8087,-2.08107,-2.775;-0.525|-5.325;-1.875|-5.625;-2.025
1.7711e+09,-6.75931,-2.08882,-2.775;-0.525|-5.325;-1.875|-5.625;-2.025
1.7711e+09,-6.70991,-2.09658,-2.775;-0.525|-5.325;-1.875|-5.625;-2.025
1.7711e+09,-6.66052,-2.10433,-2.775;-0.525|-5.325;-1.875|-5.625;-2.025
1.7711e+09,-6.61112,-2.11209,-2.775;-0.525|-5.325;-1.875|-5.625;-2.025
1.7711e+09,-6.56173,-2.11985,-2.775;-0.525|-5.325;-1.875|-5.625;-2.025
1.7711e+09,-6.51233,-2.1276,-2.775;-0.525|-5.325;-1.875|-5.625;-2.025
1.7711e+09,-6.46294,-2.13536,-2.775;-0.525|-5.325;-1.875|-5.625;-2.025
1.7711e+09,-6.41354,-2.14311,-2.775;-0.525|-5.325;-1.875|-5.625;-2.025
1.7711e+09,-6.36415,-2.15087,-2.775;-0.525|-5.325;-1.875|-5.625;-2.025
1.7711e+09,-6.31475,-2.15863,-2.775;-0.525|-5.325;-1.875|-5.625;-2.025
1.7711e+09,-6.26536,-2.16638,-2.775;-0.525|-5.325;-1.875|-5.625;-2.025
1.7711e+09,-6.21596,-2.17414,-2.775;-0.525|-5.325;-1.875|-5.625;-2.025
1.7711e+09,-6.16657,-2.1819,-2.775;-0.525|-5.325;-1.875|-5.625;-2.025
1.7711e+09,-6.11718,-2.18965,-2.775;-0.525|-5.325;-1.875|-5.625;-2.025
1.7711e+09,-6.06778,-2.19741,-2.775;-0.525|-5.325;-1.875|-5.625;-2.025
1.7711e+09,-6.01839,-2.20516,-2.775;-0.525|-5.325;-1.875|-5.625;-2.025
1.7711e+09,-5.96899,-2.21292,-2.775;-0.525|-5.325;-1.875
1.7711e+09,-5.9196,-2.22068,-2.775;-0.525|-5.325;-1.875
1.7711e+09,-5.8702,-2.22843,-2.775;-0.525|-5.325;-1.875
1.7711e+09,-5.82081,-2.23619,-2.775;-0.525|-5.325;-1.875
1.7711e+09,-5.77141,-2.24395,-2.775;-0.525|-5.325;-1.875
1.7711e+09,-5.72202,-2.2517,-2.775;-0.525|-5.325;-1.875
1.7711e+09,-5.67262,-2.25946,-2.775;-0.525|-5.325;-2.025
1.7711e+09,-5.62323,-2.26721,-2.775;-0.525|-5.325;-2.025
1.7711e+09,-5.57383,-2.27497,-2.775;-0.525|-5.325;-2.025
1.7711e+09,-5.52444,-2.28273,-2.775;-0.525|-5.175;-2.025
1.7711e+09,-5.47504,-2.29048,-2.775;-0.525|-5.175;-2.025
1.7711e+09,-5.42565,-2.29824,-2.775;-0.525|-5.175;-2.025
1.7711e+09,-5.37625,-2.30599,-2.775;-0.525|-5.175;-2.175
1.7711e+09,-5.32686,-2.31375,-2.775;-0.525|-5.175;-2.175
1.7711e+09,-5.27746,-2.32151,-2.775;-0.525|-5.175;-2.175
1.7711e+09,-5.22807,-2.32926,-2.775;-0.525|-5.025;-2.175
1.7711e+09,-5.17867,-2.33702,-2.775;-0.525|-5.025;-2.175
1.7711e+09,-5.12928,-2.34478,-2.775;-0.525|-5.025;-2.175
1.7711e+09,-5.07989,-2.35253,-2.775;-0.525|-4.875;-2.175
1.7711e+09,-5.03049,-2.36029,-2.775;-0.525|-4.875;-2.175
1.7711e+09,-4.9811,-2.36804,-2.775;-0.525|-4.875;-2.175
1.7711e+09,-4.9317,-2.3758,-2.775;-0.525
1.7711e+09,-4.88231,-2.38356,-2.775;-0.525
1.7711e+09,-4.83291,-2.39131,-2.775;-0.525
1.7711e+09,-4.78352,-2.39907,-2.775;-0.525
1.7711e+09,-4.73412,-2.40683,-2.775;-0.525
1.7711e+09,-4.68473,-2.41458,-2.775;-0.525
1.7711e+09,-4.63533,-2.42234,-2.775;-0.675
1.7711e+09,-4.58594,-2.43009,-2.775;-0.675
1.7711e+09,-4.53654,-2.43785,-2.775;-0.675
1.7711e+09,-4.48715,-2.44561,-2.775;-0.825
1.7711e+09,-4.43775,-2.45336,-2.775;-0.825
1.7711e+09,-4.38836,-2.46112,-2.775;-0.825
1.7711e+09,-4.33896,-2.46888,-2.625;-0.825
1.7711e+09,-4.28957,-2.47663,-2.625;-0.825
1.7711e+09,-4.24017,-2.48439,-2.625;-0.825
1.7711e+09,-4.19078,-2.49214,-2.625;-0.975
1.7711e+09,-4.14139,-2.4999,-2.625;-0.975
1.7711e+09,-4.09199,-2.50766,-2.625;-0.975
1.7711e+09,-4.0426,-2.51541,-2.625;-1.125
1.7711e+09,-3.9932,-2.52317,-2.625;-1.125
1.7711e+09,-3.94381,-2.53092,-2.625;-1.125
1.7711e+09,-3.89441,-2.53868,-2.625;-1.275
1.7711e+09,-3.84502,-2.54644,-2.625;-1.275
1.7711e+09,-3.79562,-2.55419,-2.475;-1.275
1.7711e+09,-3.74623,-2.56195,-2.475;-1.425
1.7711e+09,-3.69683,-2.56971,-2.475;-1.425
1.7711e+09,-3.64744,-2.57746,-2.475;-1.425
1.7711e+09,-3.59804,-2.58522,-2.325;-1.425
1.7711e+09,-3.54865,-2.59297,-2.325;-1.425
1.7711e+09,-3.49925,-2.60073,-2.325;-1.425
1.7711e+09,-3.44986,-2.60849,-2.325;-1.575
1.7711e+09,-3.40046,-2.61624,-2.325;-1.575
1.7711e+09,-3.35107,-2.624,-2.325;-1.575
1.7711e+09,-3.30167,-2.63176,-2.325;-1.575
1.7711e+09,-3.25228,-2.63951,-2.025;-1.425
1.7711e+09,-3.20288,-2.64727,-2.025;-1.425
1.7711e+09,-3.15349,-2.65502,-2.025;-1.425
1.7711e+09,-3.1041,-2.66278,-2.025;-1.425
1.7711e+09,-3.0547,-2.67054,-2.025;-1.425
1.7711e+09,-3.00531,-2.67829,-2.025;-1.425
1.7711e+09,-2.98581,-2.69067,-2.025;-1.425|-2.475;-1.875
1.7711e+09,-3.03056,-2.71298,-2.025;-1.425|-2.475;-1.875
1.7711e+09,-3.0753,-2.7353,-2.025;-1.425|-2.475;-1.875
1.7711e+09,-3.12005,-2.75761,-2.025;-1.425|-2.475;-1.875
1.7711e+09,-3.16479,-2.77992,-2.025;-1.425
1.7711e+09,-3.20954,-2.80223,-2.025;-1.425
1.7711e+09,-3.25428,-2.82455,-2.025;-1.425
1.7711e+09,-3.29903,-2.84686,-2.025;-1.425
1.7711e+09,-3.34378,-2.86917,-2.025;-1.425
1.7711e+09,-3.38852,-2.89148,-2.025;-1.425
1.7711e+09,-3.43327,-2.9138,-2.025;-1.425
1.7711e+09,-3.47801,-2.93611,-2.025;-1.425
1.7711e+09,-3.52276,-2.95842,-2.025;-1.425
1.7711e+09,-3.5675,-2.98073,-2.025;-1.425
1.7711e+09,-3.61225,-3.00304,-2.025;-1.425
1.7711e+09,-3.65699,-3.02536,-2.025;-1.425
1.7711e+09,-3.70174,-3.04767,-2.025;-1.425
1.7711e+09,-3.74649,-3.06998,-2.025;-1.425
1.7711e+09,-3.79123,-3.09229,-2.325;-1.575
1.7711e+09,-3.83598,-3.11461,-2.325;-1.575
1.7711e+09,-3.88072,-3.13692,-2.325;-1.575
1.7711e+09,-3.92547,-3.15923,-2.325;-1.575
1.7711e+09,-3.97021,-3.18154,-2.325;-1.575
1.7711e+09,-4.01496,-3.20386,-2.325;-1.575
1.7711e+09,-4.0597,-3.22617,-2.325;-1.425
1.7711e+09,-4.10445,-3.24848,-2.325;-1.425
1.7711e+09,-4.14919,-3.27079,-2.325;-1.425
1.7711e+09,-4.19394,-3.2931,-2.325;-1.425
1.7711e+09,-4.23869,-3.31542,-2.325;-1.425
1.7711e+09,-4.28343,-3.33773,-2.325;-1.425
1.7711e+09,-4.32818,-3.36004,-2.325;-1.425
1.7711e+09,-4.37292,-3.38235,-2.475;-1.425
1.7711e+09,-4.41767,-3.40467,-2.475;-1.425
1.7711e+09,-4.46241,-3.42698,-2.475;-1.425
1.7711e+09,-4.49601,-3.45825,-2.325;-1.425|-4.275;-3.375
1.7711e+09,-4.50813,-3.50675,-2.475;-1.425|-4.425;-3.375
1.7711e+09,-4.52026,-3.55526,-2.475;-1.425|-4.425;-3.375
1.7711e+09,-4.53239,-3.60377,-2.325;-1.425|-4.425;-3.525
1.7711e+09,-4.54451,-3.65228,-2.325;-1.425|-4.425;-3.525
1.7711e+09,-4.55664,-3.70078,-2.325;-1.425|-4.425;-3.525
1.7711e+09,-4.56877,-3.74929,-2.325;-1.425|-4.425;-3.525
1.7711e+09,-4.58089,-3.7978,-2.325;-1.575|-4.425;-3.675
1.7711e+09,-4.59302,-3.8463,-2.325;-1.575|-4.425;-3.675
1.7711e+09,-4.60515,-3.89481,-2.325;-1.575|-4.425;-3.675
1.7711e+09,-4.61727,-3.94332,-2.025;-1.425|-4.125;-3.525
1.7711e+09,-4.6294,-3.99183,-2.025;-1.425|-4.125;-3.525
1.7711e+09,-4.64153,-4.04033,-2.025;-1.425|-4.125;-3.525
1.7711e+09,-4.65365,-4.08884,-2.025;-1.425|-4.125;-3.525
1.7711e+09,-4.66578,-4.13735,-2.025;-1.425|-4.125;-3.525
1.7711e+09,-4.67791,-4.18585,-2.025;-1.425|-4.125;-3.525
1.7711e+09,-4.69003,-4.23436,-2.025;-1.425|-3.975;-3.525
1.7711e+09,-4.70216,-4.28287,-2.025;-1.425|-3.975;-3.525
1.7711e+09,-4.71429,-4.33138,-2.025;-1.425|-3.975;-3.525
1.7711e+09,-4.72641,-4.37988,-2.025;-1.425|-3.975;-3.675
1.7711e+09,-4.73854,-4.42839,-2.025;-1.425|-3.975;-3.675
1.7711e+09,-4.75067,-4.4769,-2.025;-1.425|-3.975;-3.675
1.7711e+09,-4.7628,-4.5254,-2.025;-1.425|-2.475;-1.875|-4.275;-4.125
1.7711e+09,-4.77492,-4.57391,-2.025;-1.425|-2.475;-1.875|-4.275;-4.125
1.7711e+09,-4.78705,-4.62242,-2.025;-1.425|-2.475;-1.875|-4.275;-4.125
1.7711e+09,-4.79918,-4.67093,-2.025;-1.425|-2.475;-1.875|-4.125;-4.125
1.7711e+09,-4.8113,-4.71943,-2.025;-1.425|-2.475;-1.875|-4.275;-4.125
1.7711e+09,-4.82343,-4.76794,-2.025;-1.425|-2.475;-1.875|-4.275;-4.125
1.7711e+09,-4.83556,-4.81645,-2.025;-1.425|-2.475;-1.875|-4.125;-4.125
1.7711e+09,-4.84768,-4.86495,-2.025;-1.425|-2.475;-1.875|-4.125;-4.125
1.7711e+09,-4.85981,-4.91346,-2.025;-1.425|-2.475;-1.875|-4.125;-4.125
1.7711e+09,-4.87194,-4.96197,-2.025;-1.425|-2.475;-1.875|-4.125;-4.275
1.7711e+09,-4.88406,-5.01048,-2.025;-1.425|-2.475;-1.875|-4.125;-4.275
1.7711e+09,-4.89619,-5.05898,-2.025;-1.425|-2.475;-1.875|-4.125;-4.275
1.7711e+09,-4.90832,-5.10749,-2.025;-1.425|-2.475;-1.875|-3.975;-4.275
1.7711e+09,-4.92044,-5.156,-2.025;-1.425|-2.475;-1.875|-3.975;-4.275
1.7711e+09,-4.93257,-5.2045,-2.025;-1.425|-2.475;-1.875|-3.975;-4.275
1.7711e+09,-4.9447,-5.25301,-2.025;-1.425|-2.475;-1.875|-3.975;-4.425
1.7711e+09,-4.95682,-5.30152,-2.025;-1.425|-2.475;-1.875|-3.975;-4.275
1.7711e+09,-4.96895,-5.35003,-2.025;-1.425|-2.475;-1.875|-3.975;-4.275
1.7711e+09,-4.98108,-5.39853,-2.025;-1.425|-2.475;-1.875|-3.975;-4.275
1.7711e+09,-4.9932,-5.44704,-2.025;-1.425|-2.475;-1.875|-3.975;-4.425
1.7711e+09,-5.00533,-5.49555,-2.025;-1.425|-2.475;-1.875|-3.975;-4.425
1.7711e+09,-5.01746,-5.54405,-2.025;-1.425|-2.475;-1.875|-3.975;-4.425
1.7711e+09,-5.02958,-5.59256,-1.275;-2.325|-3.525;-4.125
1.7711e+09,-5.04171,-5.64107,-1.275;-2.325|-3.525;-4.125
1.7711e+09,-5.05384,-5.68958,-1.275;-2.325|-3.525;-4.125
1.7711e+09,-5.06596,-5.73808,-1.275;-2.325|-3.525;-4.275
1.7711e+09,-5.07809,-5.78659,-1.275;-2.325|-3.525;-4.275
1.7711e+09,-5.09022,-5.8351,-1.275;-2.325|-3.525;-4.275
1.7711e+09,-5.10234,-5.8836,-1.275;-2.325|-3.525;-4.275
1.7711e+09,-5.11447,-5.93211,-1.275;-2.325|-3.525;-4.275
1.7711e+09,-5.1266,-5.98062,-1.275;-2.325|-3.525;-4.275
1.7711e+09,-5.13873,-6.02913,-1.275;-2.325|-3.375;-4.275
1.7711e+09,-5.15085,-6.07763,-1.275;-2.325|-3.375;-4.275
1.7711e+09,-5.16298,-6.12614,-1.275;-2.325|-3.375;-4.275
1.7711e+09,-5.17511,-6.17465,-1.275;-2.325|-3.375;-4.425
1.7711e+09,-5.18723,-6.22315,-1.275;-2.325|-3.375;-4.425
1.7711e+09,-5.19936,-6.27166,-1.275;-2.325|-3.375;-4.425
1.7711e+09,-5.21149,-6.32017,-1.275;-2.475|-3.375;-4.575
1.7711e+09,-5.22361,-6.36868,-1.275;-2.475|-3.375;-4.575
1.7711e+09,-5.23574,-6.41718,-1.275;-2.475|-3.375;-4.575
1.7711e+09,-5.24787,-6.46569,-1.275;-2.625|-3.375;-4.725
1.7711e+09,-5.25999,-6.5142,-1.275;-2.475|-3.375;-4.575
1.7711e+09,-5.27212,-6.5627,-1.275;-2.475|-3.375;-4.575
1.7711e+09,-5.28425,-6.61121,-1.275;-2.625|-3.375;-4.725
1.7711e+09,-5.29637,-6.65972,-1.275;-2.625|-3.375;-4.725
1.7711e+09,-5.3085,-6.70822,-1.275;-2.625|-3.375;-4.725
1.7711e+09,-5.32063,-6.75673,-1.125;-2.625|-3.225;-4.725|-5.175;-6.675
1.7711e+09,-5.33275,-6.80524,-1.125;-2.625|-3.225;-4.725|-5.175;-6.675
1.7711e+09,-5.34488,-6.85375,-1.125;-2.625|-3.225;-4.725|-5.175;-6.675
1.7711e+09,-5.35701,-6.90225,-0.975;-2.625|-3.075;-4.725|-5.175;-6.825
1.7711e+09,-5.36913,-6.95076,-0.975;-2.625|-3.075;-4.725|-5.175;-6.825
1.7711e+09,-5.38126,-6.99927,-0.975;-2.625|-3.075;-4.725|-5.175;-6.825
1.7711e+09,-5.39339,-7.04777,-0.975;-2.625|-3.075;-4.725|-5.175;-6.825
1.7711e+09,-5.40551,-7.09628,-0.975;-2.625|-3.075;-4.725|-5.175;-6.825
1.7711e+09,-5.41764,-7.14479,-0.975;-2.625|-3.075;-4.725|-5.175;-6.825
1.7711e+09,-5.42977,-7.1933,-0.975;-2.625|-3.075;-4.725|-5.175;-6.825
1.7711e+09,-5.44189,-7.2418,-0.825;-2.625|-2.925;-4.725|-5.025;-6.825
1.7711e+09,-5.45402,-7.29031,-0.825;-2.625|-2.925;-4.725|-5.025;-6.825
1.7711e+09,-5.46615,-7.33882,-0.825;-2.625|-2.925;-4.725|-5.025;-6.825
1.7711e+09,-5.47828,-7.38732,-0.825;-2.775|-2.925;-4.875|-5.025;-6.975
1.7711e+09,-5.4904,-7.43583,-0.825;-2.775|-2.925;-4.875|-5.025;-6.975
1.7711e+09,-5.44818,-7.44688,-0.825;-2.775|-2.925;-4.875|-5.025;-6.975
1.7711e+09,-5.39853,-7.45281,-0.675;-2.775|-2.775;-4.875|-4.875;-6.975
1.7711e+09,-5.34888,-7.45873,-0.675;-2.775|-2.775;-4.875|-4.875;-6.975
1.7711e+09,-5.29924,-7.46466,-0.675;-2.775|-2.775;-4.875|-4.875;-6.975
1.7711e+09,-5.24959,-7.47059,-0.525;-2.775|-2.625;-4.875|-4.725;-6.975
1.7711e+09,-5.19994,-7.47652,-0.525;-2.775|-2.625;-4.875|-4.725;-6.975
1.7711e+09,-5.1503,-7.48245,-0.525;-2.775|-2.625;-4.875|-4.725;-6.975
1.7711e+09,-5.10065,-7.48837,-0.525;-2.775|-2.625;-4.875|-4.725;-6.975
1.7711e+09,-5.051,-7.4943,-0.375;-2.775|-2.475;-4.875|-4.575;-6.975
1.7711e+09,-5.00135,-7.50023,-0.225;-2.775|-2.325;-4.875|-4.425;-6.975
1.7711e+09,-4.95171,-7.50616,-0.225;-2.775|-2.325;-4.875|-4.425;-6.975
1.7711e+09,-4.90206,-7.51209,-0.225;-2.775|-2.175;-4.725|-4.125;-6.825
1.7711e+09,-4.85241,-7.51801,-0.225;-2.775|-2.175;-4.725|-4.125;-6.825
1.7711e+09,-4.80276,-7.52394,-0.225;-2.775|-2.175;-4.725|-4.125;-6.825
1.7711e+09,-4.75312,-7.52987,-0.225;-2.775|-2.175;-4.725|-4.125;-6.975
1.7711e+09,-4.70347,-7.5358,-0.225;-2.775|-2.175;-4.725|-4.125;-6.975
1.7711e+09,-4.65382,-7.54173,-0.225;-2.775|-2.175;-4.725|-4.125;-6.975
1.7711e+09,-4.60417,-7.54765,-0.225;-2.775|-2.175;-4.725|-3.975;-6.975
1.7711e+09,-4.55453,-7.55358,-0.225;-2.775|-2.175;-4.725|-3.975;-6.975
1.7711e+09,-4.50488,-7.55951,-0.225;-2.775|-2.175;-4.725|-3.975;-6.975
1.7711e+09,-4.45523,-7.56544,-0.225;-2.775|-2.175;-4.725|-3.825;-6.975
1.7711e+09,-4.40559,-7.57137,-0.225;-2.775|-2.175;-4.725|-3.825;-6.975
1.7711e+09,-4.35594,-7.57729,-0.225;-2.775|-2.175;-4.725|-3.825;-6.975
1.7711e+09,-4.30629,-7.58322,-0.225;-2.775|-2.175;-4.725|-3.825;-7.125
1.7711e+09,-4.25664,-7.58915,-0.225;-2.775|-2.175;-4.725|-3.825;-7.125
1.7711e+09,-4.207,-7.59508,-0.225;-2.775|-2.175;-4.725|-3.825;-7.125
1.7711e+09,-4.15735,-7.60101,-0.225;-2.775|-2.175;-4.725|-3.675;-7.125
1.7711e+09,-4.1077,-7.60693,-0.225;-2.775|-2.175;-4.725|-3.675;-7.125
1.7711e+09,-4.05805,-7.61286,-0.225;-2.775|-2.175;-4.725|-3.675;-7.125
1.7711e+09,-4.00841,-7.61879,-0.225;-2.775|-2.175;-4.725|-3.675;-7.275
1.7711e+09,-3.95876,-7.62472,-0.225;-2.775|-2.175;-4.725|-3.675;-7.275
1.7711e+09,-3.90911,-7.63065,-0.225;-2.775|-2.175;-4.725|-3.675;-7.275
1.7711e+09,-3.85946,-7.63657,-0.225;-2.775|-2.175;-4.725|-3.525;-7.275
1.7711e+09,-3.80982,-7.6425,-0.225;-2.775|-2.175;-4.725|-3.525;-7.275
1.7711e+09,-3.76017,-7.64843,-0.225;-2.775|-2.175;-4.725|-3.525;-7.275
1.7711e+09,-3.71052,-7.65436,-0.225;-2.775|-2.175;-4.725|-3.375;-7.425
1.7711e+09,-3.66087,-7.66029,-0.225;-2.775|-2.175;-4.725|-3.375;-7.425
1.7711e+09,-3.61123,-7.66621,-0.225;-2.775|-2.175;-4.725|-3.375;-7.425
1.7711e+09,-3.56158,-7.67214,-0.225;-2.775|-2.175;-4.725|-3.225;-7.425
1.7711e+09,-3.51193,-7.67807,-0.225;-2.775|-2.175;-4.725|-3.225;-7.425
1.7711e+09,-3.46229,-7.684,-0.225;-2.775|-2.175;-4.725|-3.225;-7.425
1.7711e+09,-3.41264,-7.68993,-0.0749996;-2.775|-0.825;-5.175|-2.925;-7.275
1.7711e+09,-3.36299,-7.69586,-0.0749996;-2.775|-0.825;-5.175|-2.925;-7.275
1.7711e+09,-3.31334,-7.70178,-0.0749996;-2.775|-0.825;-5.175|-2.925;-7.275
1.7711e+09,-3.2637,-7.70771,-0.0749996;-2.775|-0.975;-5.475|-3.075;-7.575
1.7711e+09,-3.21405,-7.71364,-0.0749996;-2.775|-0.975;-5.475|-3.075;-7.575
1.7711e+09,-3.1644,-7.71957,-0.0749996;-2.775|-0.975;-5.475|-3.075;-7.575
1.7711e+09,-3.11475,-7.7255,-0.0749996;-2.775|-0.975;-5.625|-2.925;-7.575
1.7711e+09,-3.06511,-7.73142,-0.0749996;-2.775|-0.975;-5.625|-2.925;-7.575
1.7711e+09,-3.01546,-7.73735,-0.0749996;-2.775|-0.975;-5.625|-2.925;-7.575
1.7711e+09,-2.96581,-7.74328,-0.0749996;-2.775|-0.825;-5.625|-2.775;-7.575
1.7711e+09,-2.91616,-7.74921,-0.0749996;-2.775|-0.825;-5.625|-2.775;-7.575
1.7711e+09,-2.86652,-7.75514,-0.0749996;-2.775|-0.825;-5.625|-2.775;-7.575
1.7711e+09,-2.81687,-7.76106,-0.0749996;-2.775|-0.675;-5.625|-2.625;-7.575
1.7711e+09,-2.76722,-7.76699,-0.0749996;-2.775|-0.675;-5.625|-2.625;-7.575
1.7711e+09,-2.71758,-7.77292,-0.0749996;-2.775|-0.675;-5.625|-2.625;-7.575
1.7711e+09,-2.66793,-7.77885,-0.0749996;-2.775|-0.525;-5.625|-2.475;-7.575
1.7711e+09,-2.61828,-7.78478,-0.0749996;-2.775|-0.525;-5.625|-2.475;-7.575
1.7711e+09,-2.56863,-7.7907,-0.0749996;-2.775|-0.525;-5.625|-2.475;-7.575
1.7711e+09,-2.51899,-7.79663,-0.0749996;-2.775|-0.375;-5.625|-2.325;-7.575
1.7711e+09,-2.46934,-7.80256,-0.0749996;-2.775|-0.225;-5.625|-2.325;-7.725
1.7711e+09,-2.41969,-7.80849,-0.0749996;-2.775|-0.225;-5.625|-2.325;-7.725
1.7711e+09,-2.37004,-7.81442,-0.0749996;-2.775|-0.0749996;-5.625|-2.175;-7.725
1.7711e+09,-2.3204,-7.82034,-0.0749996;-2.775|-0.0749996;-5.625|-2.175;-7.725
1.7711e+09,-2.27075,-7.82627,-0.0749996;-2.775|-0.0749996;-5.625|-2.175;-7.725
1.7711e+09,-2.2211,-7.8322,-0.0749996;-2.775|-0.0749996;-5.625|-2.025;-7.725
1.7711e+09,-2.17145,-7.83813,-0.0749996;-2.775|-0.0749996;-5.625|-2.025;-7.725
1.7711e+09,-2.12181,-7.84406,-0.0749996;-2.775|-0.0749996;-5.625|-2.025;-7.725
1.7711e+09,-2.07216,-7.84998,-0.0749996;-2.775|-0.0749996;-5.625|-1.875;-7.725
1.7711e+09,-2.02251,-7.85591,-0.0749996;-2.775|-0.0749996;-5.625|-1.875;-7.725
1.7711e+09,-1.97287,-7.86184,-0.0749996;-2.775|-0.0749996;-5.625|-1.875;-7.725
1.7711e+09,-1.92322,-7.86777,-0.0749996;-2.775|-0.0749996;-5.625|-1.725;-7.725
1.7711e+09,-1.87357,-7.8737,-0.0749996;-2.775|-0.0749996;-5.625|-1.725;-7.725
1.7711e+09,-1.82392,-7.87962,-0.0749996;-2.775|-0.0749996;-5.625|-1.725;-7.725
1.7711e+09,-1.77428,-7.88555,-0.0749996;-2.775|-0.0749996;-5.625
1.7711e+09,-1.72463,-7.89148,-0.0749996;-2.775|-0.0749996;-5.625
1.7711e+09,-1.67498,-7.89741,-0.0749996;-2.775|-0.0749996;-5.625
1.7711e+09,-1.62533,-7.90334,-0.0749996;-2.775|-0.0749996;-5.625
1.7711e+09,-1.57569,-7.90926,-0.0749996;-2.775|-0.0749996;-5.625
1.7711e+09,-1.52604,-7.91519,-0.0749996;-2.775|-0.0749996;-5.625
1.7711e+09,-1.47639,-7.92112,-0.0749996;-2.775|-0.0749996;-5.625
1.7711e+09,-1.42674,-7.92705,-0.0749996;-2.775|-0.0749996;-5.625
1.7711e+09,-1.3771,-7.93298,-0.0749996;-2.775|-0.0749996;-5.625
1.7711e+09,-1.32745,-7.9389,-0.0749996;-2.775|-0.0749996;-5.625
1.7711e+09,-1.2778,-7.94483,-0.0749996;-2.775|-0.0749996;-5.625
1.7711e+09,-1.22816,-7.95076,-0.0749996;-2.775|-0.0749996;-5.625
1.7711e+09,-1.17851,-7.95669,-0.0749996;-2.775|-0.0749996;-5.625
1.7711e+09,-1.12886,-7.96262,-0.0749996;-2.775|-0.0749996;-5.625
1.7711e+09,-1.07921,-7.96854,-0.0749996;-2.775|-0.0749996;-5.625
1.7711e+09,-1.02957,-7.97447,-0.0749996;-2.775|-0.0749996;-5.625
1.7711e+09,-0.979919,-7.9804,-0.0749996;-2.775|-0.0749996;-5.625
1.7711e+09,-0.930271,-7.98633,-0.0749996;-2.775|-0.0749996;-5.625
1.7711e+09,-0.880624,-7.99226,-0.0749996;-2.775|-0.0749996;-5.625
1.7711e+09,-0.830977,-7.99818,-0.0749996;-2.775|-0.0749996;-5.625
1.7711e+09,-0.781329,-8.00411,-0.0749996;-2.775|-0.0749996;-5.625
1.7711e+09,-0.731682,-8.01004,-0.0749996;-2.775|-0.0749996;-5.625
1.7711e+09,-0.682035,-8.01597,-0.0749996;-2.775|-0.0749996;-5.625
1.7711e+09,-0.632387,-8.0219,-0.0749996;-2.775|-0.0749996;-5.625
1.7711e+09,-0.58274,-8.02783,-0.0749996;-2.775|-0.0749996;-5.625
1.7711e+09,-0.533093,-8.03375,-0.0749996;-2.775|-0.0749996;-5.625
1.7711e+09,-0.483445,-8.03968,-0.0749996;-2.775|-0.0749996;-5.625
1.7711e+09,-0.433798,-8.04561,-0.0749996;-2.775|-0.0749996;-5.625
1.7711e+09,-0.384151,-8.05154,-0.0749996;-2.775|-0.0749996;-5.625
1.7711e+09,-0.334503,-8.05747,-0.0749996;-2.775|-0.0749996;-5.625
1.7711e+09,-0.284856,-8.06339,-0.0749996;-2.775|-0.0749996;-5.625
1.7711e+09,-0.235209,-8.06932,-0.0749996;-2.775|-0.0749996;-5.625
1.7711e+09,-0.185561,-8.07525,-0.0749996;-2.775|-0.0749996;-5.625
1.7711e+09,-0.135914,-8.08118,-0.0749996;-2.775|-0.0749996;-5.625
1.7711e+09,-0.0862665,-8.08711,-0.0749996;-2.775|-0.0749996;-5.625
1.7711e+09,-0.0366192,-8.09303,-0.0749996;-2.775|-0.0749996;-5.625
1.7711e+09,0.0130282,-8.09896,-0.0749996;-2.775|-0.0749996;-5.625
1.7711e+09,0.0626755,-8.10489,-0.0749996;-2.775|-0.0749996;-5.625
1.7711e+09,0.112323,-8.11082,-0.0749996;-2.775|-0.0749996;-5.625
1.7711e+09,0.16197,-8.11675,-0.0749996;-2.775|-0.0749996;-5.625
1.7711e+09,0.211618,-8.12267,-0.0749996;-2.775|-0.0749996;-5.625
1.7711e+09,0.261265,-8.1286,-0.0749996;-2.775|-0.0749996;-5.625
1.7711e+09,0.310912,-8.13453,-0.0749996;-2.775|-0.0749996;-5.625
1.7711e+09,0.36056,-8.14046,-0.0749996;-2.775|-0.0749996;-5.625
1.7711e+09,0.410207,-8.14639,-0.0749996;-2.775|-0.0749996;-5.625
1.7711e+09,0.459854,-8.15231,-0.0749996;-2.775|-0.0749996;-5.625
1.7711e+09,0.509502,-8.15824,-0.0749996;-2.775|-0.0749996;-5.625
1.7711e+09,0.559149,-8.16417,-0.0749996;-2.775|-0.0749996;-5.625
1.7711e+09,0.608796,-8.1701,-0.0749996;-2.775|-0.0749996;-5.625
1.7711e+09,0.658444,-8.17603,-0.0749996;-2.775|-0.0749996;-5.625
1.7711e+09,0.708091,-8.18195,-0.0749996;-2.775|-0.0749996;-5.625
1.7711e+09,0.757738,-8.18788,-0.0749996;-2.775|-0.0749996;-5.625
1.7711e+09,0.807386,-8.19381,-0.0749996;-2.775|-0.0749996;-5.625
1.7711e+09,0.857033,-8.19974,-0.0749996;-2.775|-0.0749996;-5.625
1.7711e+09,0.90668,-8.20567,-0.0749996;-2.775|-0.0749996;-5.625
1.7711e+09,0.956328,-8.21159,-0.0749996;-2.775|-0.0749996;-5.625
1.7711e+09,1.00597,-8.21752,-0.0749996;-2.775|-0.0749996;-5.625
1.7711e+09,1.05562,-8.22345,-0.0749996;-2.775|-0.0749996;-5.625
1.7711e+09,1.10527,-8.22938,-0.0749996;-2.775|-0.0749996;-5.625
1.7711e+09,1.15492,-8.23531,-0.0749996;-2.775|-0.0749996;-5.625
1.7711e+09,1.20456,-8.24123,-0.0749996;-2.775|-0.0749996;-5.625|1.125;-8.025
1.7711e+09,1.25421,-8.24716,-0.0749996;-2.775|-0.0749996;-5.625|1.125;-8.025
1.7711e+09,1.30386,-8.25309,-0.0749996;-2.775|-0.0749996;-5.625|1.125;-8.175
1.7711e+09,1.35351,-8.25902,-0.0749996;-2.775|-0.0749996;-5.625|1.275;-8.175
1.7711e+09,1.40315,-8.26495,-0.0749996;-2.775|-0.0749996;-5.625|1.275;-8.175
1.7711e+09,1.4528,-8.27087,-0.0749996;-2.775|-0.0749996;-5.625|1.275;-8.175
1.7711e+09,1.50245,-8.2768,-0.0749996;-2.775|-0.0749996;-5.625|1.425;-8.175
1.7711e+09,1.5521,-8.28273,-0.0749996;-2.775|-0.0749996;-5.625|1.425;-8.175
1.7711e+09,1.60174,-8.28866,-0.0749996;-2.775|-0.0749996;-5.625|1.425;-8.175
1.7711e+09,1.65139,-8.29459,-0.0749996;-2.775|-0.0749996;-5.625|1.425;-8.025
1.7711e+09,1.70104,-8.30051,-0.0749996;-2.775|-0.0749996;-5.625|1.425;-8.025
1.7711e+09,1.75069,-8.30644,-0.0749996;-2.775|-0.0749996;-5.625|1.425;-8.025
1.7711e+09,1.80002,-8.30734,-0.0749996;-2.775|-0.0749996;-5.625|1.575;-8.025
1.7711e+09,1.84853,-8.29524,-0.0749996;-2.775|-0.0749996;-5.625|1.575;-8.025
1.7711e+09,1.89705,-8.28315,-0.0749996;-2.775|-0.0749996;-5.625|1.575;-8.025
1.7711e+09,1.94556,-8.27105,-0.0749996;-2.775|-0.0749996;-5.625|1.575;-8.025
1.7711e+09,1.99408,-8.25896,-0.0749996;-2.775|-0.0749996;-5.625|1.575;-7.875
1.7711e+09,2.04259,-8.24686,-0.0749996;-2.775|-0.0749996;-5.625|1.125;-7.275
1.7711e+09,2.09111,-8.23476,-0.0749996;-2.775|-0.0749996;-5.625|1.125;-7.275
1.7711e+09,2.13962,-8.22267,-0.0749996;-2.775|-0.0749996;-5.625|0.675;-6.675
1.7711e+09,2.18813,-8.21057,-0.0749996;-2.775|-0.0749996;-5.625|0.675;-6.675
1.7711e+09,2.23665,-8.19848,-0.0749996;-2.775|-0.0749996;-5.625|0.675;-6.675
1.7711e+09,2.28516,-8.18638,0.225;-2.775|1.275;-3.825|1.875;-6.375
1.7711e+09,2.33368,-8.17428,0.225;-2.775|1.275;-3.825|1.875;-6.375
1.7711e+09,2.38219,-8.16219,0.225;-2.775|1.275;-3.825|1.875;-6.375
1.7711e+09,2.43071,-8.15009,0.225;-2.775|1.275;-3.825|1.875;-6.375
1.7711e+09,2.47922,-8.138,0.225;-2.775|1.275;-3.825|1.875;-6.375
1.7711e+09,2.52774,-8.1259,0.225;-2.775|1.275;-3.825|1.875;-6.375
1.7711e+09,2.57625,-8.1138,0.225;-2.775|1.275;-3.825|1.875;-6.375
1.7711e+09,2.62477,-8.10171,0.225;-2.775|1.275;-3.825|1.875;-6.375
1.7711e+09,2.67328,-8.08961,0.225;-2.775|1.275;-3.825|1.875;-6.375
1.7711e+09,2.7218,-8.07752,0.225;-2.775|1.275;-3.825|1.875;-6.375
1.7711e+09,2.77031,-8.06542,0.225;-2.775|1.275;-3.825|1.875;-6.375
1.7711e+09,2.81883,-8.05332,0.225;-2.775|1.275;-3.825|1.875;-6.375
1.7711e+09,2.86734,-8.04123,0.225;-2.775|1.275;-3.825|1.875;-6.375
1.7711e+09,2.91586,-8.02913,0.225;-2.775|1.275;-3.825|1.875;-6.375
1.7711e+09,2.96437,-8.01704,0.225;-2.775|1.275;-3.825|1.875;-6.375
1.7711e+09,3.01289,-8.00494,0.225;-2.775|1.275;-3.825|1.875;-6.375
1.7711e+09,3.0614,-7.99284,0.225;-2.775|1.275;-3.825|1.875;-6.375
1.7711e+09,3.10992,-7.98075,0.225;-2.775|1.275;-3.825|1.875;-6.375
1.7711e+09,3.15843,-7.96865,0.225;-2.775|1.275;-3.825|1.875;-6.375
1.7711e+09,3.20695,-7.95656,0.225;-2.775|1.275;-3.825|1.875;-6.375
1.7711e+09,3.25546,-7.94446,0.225;-2.775|1.275;-3.825|2.025;-6.675
1.7711e+09,3.30398,-7.93236,0.225;-2.775|1.275;-3.825|2.175;-6.675
1.7711e+09,3.35249,-7.92027,0.225;-2.775|1.275;-3.825|2.175;-6.675
1.7711e+09,3.401,-7.90817,0.225;-2.775|1.275;-3.825|2.175;-6.675
1.7711e+09,3.44952,-7.89608,0.225;-2.775|1.275;-3.825|2.175;-6.675
1.7711e+09,3.49803,-7.88398,0.225;-2.775|1.275;-3.825|2.175;-6.525
1.7711e+09,3.54655,-7.87188,0.225;-2.775|1.275;-3.825|2.175;-6.525
1.7711e+09,3.59506,-7.85979,0.225;-2.775|1.275;-3.825|2.175;-6.525
1.7711e+09,3.64358,-7.84769,0.225;-2.775|1.275;-3.825|2.325;-6.525
1.7711e+09,3.69209,-7.8356,0.225;-2.775|1.275;-3.825|2.325;-6.525
1.7711e+09,3.74061,-7.8235,0.225;-2.775|1.275;-3.825|2.325;-6.525
1.7711e+09,3.78912,-7.8114,0.225;-2.775|1.275;-3.825|2.475;-6.525
1.7711e+09,3.83764,-7.79931,0.225;-2.775|1.275;-3.825|2.475;-6.375
1.7711e+09,3.88615,-7.78721,0.225;-2.775|1.275;-3.825|2.475;-6.375
1.7711e+09,3.93467,-7.77512,0.225;-2.775|1.275;-3.825|2.625;-6.375
1.7711e+09,3.98318,-7.76302,0.225;-2.775|1.275;-3.825|2.625;-6.375
1.7711e+09,4.0317,-7.75092,0.225;-2.775|1.275;-3.825|2.625;-6.375
1.7711e+09,4.08021,-7.73883,0.225;-2.775|1.275;-3.825|2.775;-6.375
1.7711e+09,4.12873,-7.72673,0.225;-2.775|1.275;-3.825|2.775;-6.375
1.7711e+09,4.17724,-7.71464,0.225;-2.775|1.275;-3.825|2.775;-6.375
1.7711e+09,4.22576,-7.70254,0.225;-2.775|1.275;-3.825|2.775;-6.225
1.7711e+09,4.27427,-7.69044,0.225;-2.775|1.275;-3.825|2.775;-6.225
1.7711e+09,4.32279,-7.67835,0.225;-2.775|1.275;-3.825|2.775;-6.225
1.7711e+09,4.3713,-7.66625,0.225;-2.775|1.275;-3.825|2.925;-6.225
1.7711e+09,4.41982,-7.65416,0.225;-2.775|1.275;-3.825|2.925;-6.225
1.7711e+09,4.46833,-7.64206,0.225;-2.775|1.275;-3.825|2.925;-6.075
1.7711e+09,4.51685,-7.62996,0.225;-2.775|1.275;-3.825|3.075;-6.075
1.7711e+09,4.56536,-7.61787,0.225;-2.775|1.275;-3.825|3.075;-6.075
1.7711e+09,4.61388,-7.60577,0.225;-2.775|1.275;-3.825|3.075;-6.075
1.7711e+09,4.66239,-7.59368,0.225;-2.775|1.275;-3.825|3.225;-6.075
1.7711e+09,4.7109,-7.58158,0.225;-2.775|1.275;-3.825|3.225;-6.075
1.7711e+09,4.72865,-7.55358,0.225;-2.775|1.275;-3.825|3.225;-6.075
1.7711e+09,4.71045,-7.50701,0.225;-2.775|1.275;-3.825|3.225;-6.075
1.7711e+09,4.69226,-7.46044,0.225;-2.775|2.175;-4.875|4.275;-6.975
1.7711e+09,4.67406,-7.41386,0.225;-2.775|2.175;-4.875|4.275;-6.975
1.7711e+09,4.65587,-7.36729,0.225;-2.775|2.175;-4.875|4.275;-6.975
1.7711e+09,4.63767,-7.32072,0.225;-2.775|2.175;-4.875|4.275;-6.975
1.7711e+09,4.61948,-7.27415,0.225;-2.775|2.175;-4.875|4.275;-6.975
1.7711e+09,4.60128,-7.22758,0.225;-2.775|2.175;-4.875|4.275;-6.975
1.7711e+09,4.58309,-7.18101,0.225;-2.775|2.325;-4.875|4.425;-6.975
1.7711e+09,4.56489,-7.13443,0.225;-2.775|2.325;-4.875|4.425;-6.975
1.7711e+09,4.5467,-7.08786,0.225;-2.775|2.325;-4.875|4.425;-6.975
1.7711e+09,4.5285,-7.04129,0.375;-2.775|2.475;-4.875|4.425;-6.825
1.7711e+09,4.51031,-6.99472,0.375;-2.775|2.475;-4.875|4.425;-6.825
1.7711e+09,4.49211,-6.94815,0.225;-2.775|2.325;-4.875|4.275;-6.825
1.7711e+09,4.47392,-6.90157,0.225;-2.775|2.325;-4.875|4.275;-6.825
1.7711e+09,4.45572,-6.855,0.375;-2.775|2.475;-4.875
1.7711e+09,4.43753,-6.80843,0.375;-2.775|2.475;-4.875
1.7711e+09,4.41933,-6.76186,0.375;-2.775|2.475;-4.875
1.7711e+09,4.40114,-6.71529,0.525;-2.775|2.625;-4.875
1.7711e+09,4.38294,-6.66871,0.525;-2.775|2.625;-4.875
1.7711e+09,4.36475,-6.62214,0.525;-2.775|2.625;-4.875
1.7711e+09,4.34655,-6.57557,0.525;-2.775|2.625;-4.875
1.7711e+09,4.32836,-6.529,0.525;-2.775|2.625;-4.875
1.7711e+09,4.31016,-6.48243,0.525;-2.775|2.625;-4.875
1.7711e+09,4.29197,-6.43586,0.675;-2.775|2.775;-4.875
1.7711e+09,4.27377,-6.38928,0.675;-2.775|2.775;-4.875
1.7711e+09,4.25558,-6.34271,0.675;-2.775|2.775;-4.875
1.7711e+09,4.23738,-6.29614,0.675;-2.625|2.775;-4.725
1.7711e+09,4.21919,-6.24957,0.675;-2.625|2.775;-4.725
1.7711e+09,4.20099,-6.203,0.675;-2.625|2.775;-4.725
1.7711e+09,4.18279,-6.15642,0.675;-2.775|2.775;-4.875
1.7711e+09,4.1646,-6.10985,0.675;-2.625|2.775;-4.725
1.7711e+09,4.1464,-6.06328,0.675;-2.625|2.775;-4.725
1.7711e+09,4.12821,-6.01671,0.675;-2.625|2.775;-4.725
1.7711e+09,4.11001,-5.97014,0.825;-2.625|2.925;-4.725
1.7711e+09,4.09182,-5.92356,0.825;-2.625|2.925;-4.725
1.7711e+09,4.07362,-5.87699,0.825;-2.625|2.925;-4.725
1.7711e+09,4.05543,-5.83042,0.975;-2.625|3.075;-4.725
1.7711e+09,4.03723,-5.78385,0.825;-2.625|2.925;-4.725
1.7711e+09,4.01904,-5.73728,0.825;-2.625|2.925;-4.725
1.7711e+09,4.00084,-5.69071,0.975;-2.625|3.075;-4.725
1.7711e+09,3.98265,-5.64413,0.975;-2.625|3.075;-4.725
1.7711e+09,3.96445,-5.59756,0.975;-2.625|3.075;-4.725
1.7711e+09,3.94626,-5.55099,0.975;-2.625|3.075;-4.725
1.7711e+09,3.92806,-5.50442,1.125;-2.625|3.225;-4.725
1.7711e+09,3.90987,-5.45785,1.125;-2.625|3.225;-4.725
1.7711e+09,3.89167,-5.41127,0.975;-2.625|3.075;-4.725
1.7711e+09,3.87348,-5.3647,1.125;-2.625|3.225;-4.725
1.7711e+09,3.85528,-5.31813,1.125;-2.625|3.225;-4.725
1.7711e+09,3.83709,-5.27156,1.125;-2.625|3.225;-4.725
1.7711e+09,3.81889,-5.22499,1.125;-2.475|3.225;-4.575
1.7711e+09,3.8007,-5.17841,1.125;-2.475|3.225;-4.575
1.7711e+09,3.7825,-5.13184,1.125;-2.475|3.225;-4.575
1.7711e+09,3.76431,-5.08527,1.275;-2.475|3.375;-4.575
1.7711e+09,3.74611,-5.0387,1.125;-2.475|3.225;-4.575
1.7711e+09,3.72792,-4.99213,1.125;-2.475|3.225;-4.575
1.7711e+09,3.70972,-4.94556,1.275;-2.475|3.375;-4.575
1.7711e+09,3.69153,-4.89898,1.275;-2.475|3.375;-4.575
1.7711e+09,3.67333,-4.85241,1.275;-2.475|3.375;-4.575
1.7711e+09,3.65514,-4.80584,1.275;-2.475|3.375;-4.575
1.7711e+09,3.63694,-4.75927,1.275;-2.325|3.375;-4.425
1.7711e+09,3.61875,-4.7127,1.275;-2.325|3.375;-4.425
1.7711e+09,3.60055,-4.66612,1.275;-2.325|3.375;-4.425
1.7711e+09,3.58236,-4.61955,1.275;-2.325|3.375;-4.425
1.7711e+09,3.56416,-4.57298,1.275;-2.325|3.375;-4.425
1.7711e+09,3.54597,-4.52641,1.275;-2.325|3.375;-4.425
1.7711e+09,3.52777,-4.47984,1.425;-2.325|3.375;-4.275
1.7711e+09,3.50958,-4.43326,1.425;-2.325|3.375;-4.275
1.7711e+09,3.49138,-4.38669,1.425;-2.325|3.375;-4.275
1.7711e+09,3.47319,-4.34012,1.575;-2.325
1.7711e+09,3.45499,-4.29355,1.575;-2.325
1.7711e+09,3.4368,-4.24698,1.425;-2.325
1.7711e+09,3.4186,-4.20041,1.425;-2.325
1.7711e+09,3.40041,-4.15383,1.575;-2.325
1.7711e+09,3.38221,-4.10726,1.575;-2.325
1.7711e+09,3.36402,-4.06069,1.575;-2.325
1.7711e+09,3.34582,-4.01412,1.575;-2.175
1.7711e+09,3.32763,-3.96755,1.575;-2.175
1.7711e+09,3.30943,-3.92097,1.575;-2.175
1.7711e+09,3.29124,-3.8744,1.575;-2.175
1.7711e+09,3.27304,-3.82783,1.575;-2.175
1.7711e+09,3.25485,-3.78126,1.575;-2.175
1.7711e+09,3.23665,-3.73469,1.725;-2.175
1.7711e+09,3.21846,-3.68811,1.725;-2.175
1.7711e+09,3.20026,-3.64154,1.725;-2.175
1.7711e+09,3.18207,-3.59497,1.725;-2.025
1.7711e+09,3.16387,-3.5484,1.725;-2.025
1.7711e+09,3.14568,-3.50183,1.725;-2.175
1.7711e+09,3.12748,-3.45526,1.725;-2.175
1.7711e+09,3.10929,-3.40868,1.725;-2.025
1.7711e+09,3.09109,-3.36211,1.725;-2.025
1.7711e+09,3.0729,-3.31554,1.725;-2.025
1.7711e+09,3.0547,-3.26897,1.875;-2.025
1.7711e+09,3.03651,-3.2224,1.875;-2.025
1.7711e+09,3.01831,-3.17582,1.875;-2.025
1.7711e+09,3.00012,-3.12925,1.875;-1.875
1.7711e+09,2.98192,-3.08268,1.875;-2.025
1.7711e+09,2.96373,-3.03611,1.875;-2.025
1.7711e+09,2.94553,-2.98954,1.875;-1.875
1.7711e+09,2.92734,-2.94296,1.875;-1.875
1.7711e+09,2.90914,-2.89639,1.875;-1.875
1.7711e+09,2.89095,-2.84982,2.025;-1.875
1.7711e+09,2.87275,-2.80325,2.025;-1.875
1.7711e+09,2.85456,-2.75668,2.025;-1.875
1.7711e+09,2.83636,-2.71011,1.875;-1.875
1.7711e+09,2.81817,-2.66353,2.025;-1.875
1.7711e+09,2.79997,-2.61696,2.025;-1.875
1.7711e+09,2.78178,-2.57039,2.025;-1.875
1.7711e+09,2.76358,-2.52382,2.025;-1.725
1.7711e+09,2.74539,-2.47725,2.025;-1.725
1.7711e+09,2.72719,-2.43067,2.025;-1.725
1.7711e+09,2.70899,-2.3841,2.175;-1.725
1.7711e+09,2.6908,-2.33753,2.025;-1.725
1.7711e+09,2.6726,-2.29096,2.025;-1.725
1.7711e+09,2.65441,-2.24439,2.175;-1.725
1.7711e+09,2.63621,-2.19781,2.175;-1.725
1.7711e+09,2.61802,-2.15124,2.175;-1.725
1.7711e+09,2.59982,-2.10467,2.175;-1.725
1.7711e+09,2.58163,-2.0581,2.175;-1.575
1.7711e+09,2.56343,-2.01153,2.175;-1.575
1.7711e+09,2.54524,-1.96496,2.175;-1.725
1.7711e+09,2.52704,-1.91838,2.175;-1.575
1.7711e+09,2.50885,-1.87181,2.175;-1.575
1.7711e+09,2.5338,-1.84024,2.175;-1.575
1.7711e+09,2.57696,-1.81501,2.175;-1.425
1.7711e+09,2.62013,-1.78978,2.325;-1.425
1.7711e+09,2.6633,-1.76455,2.325;-1.425
1.7711e+09,2.70647,-1.73932,2.325;-1.275
1.7711e+09,2.74963,-1.71409,2.325;-1.275
1.7711e+09,2.7928,-1.68886,2.325;-1.275
1.7711e+09,2.83597,-1.66363,2.325;-1.275
1.7711e+09,2.87914,-1.6384,2.475;-1.125
1.7711e+09,2.9223,-1.61317,2.475;-1.125
1.7711e+09,2.96547,-1.58794,2.475;-1.125
1.7711e+09,3.00864,-1.56271,2.475;-0.975
1.7711e+09,3.05181,-1.53748,2.475;-0.975
1.7711e+09,3.09497,-1.51225,2.475;-0.975
1.7711e+09,3.13814,-1.48702,2.475;-0.825
1.7711e+09,3.18131,-1.46179,2.625;-0.825
1.7711e+09,3.22448,-1.43656,2.625;-0.825
1.7711e+09,3.26764,-1.41133,2.625;-0.825
1.7711e+09,3.31081,-1.3861,2.625;-0.675
1.7711e+09,3.35398,-1.36087,2.625;-0.675
1.7711e+09,3.39715,-1.33564,2.625;-0.525
1.7711e+09,3.44031,-1.31041,2.625;-0.525
1.7711e+09,3.48348,-1.28518,2.625;-0.375
1.7711e+09,3.52665,-1.25995,2.625;-0.375
1.7711e+09,3.56982,-1.23472,2.625;-0.375
1.7711e+09,3.61298,-1.20949,2.625;-0.225
1.7711e+09,3.65615,-1.18426,2.625;-0.0749996
1.7711e+09,3.69932,-1.15903,2.625;-0.0749996
1.7711e+09,3.74249,-1.1338,2.625;-0.0749996
1.7711e+09,3.78565,-1.10857,2.625;-0.0749996
1.7711e+09,3.82882,-1.08333,2.625;-0.0749996
1.7711e+09,3.87199,-1.0581,2.625;-0.0749996
1.7711e+09,3.91516,-1.03287,2.625;-0.0749996
1.7711e+09,3.95832,-1.00764,2.625;-0.0749996
1.7711e+09,4.00149,-0.982414,2.625;-0.0749996
1.7711e+09,4.04466,-0.957183,2.625;-0.0749996
1.7711e+09,4.08783,-0.931953,2.625;-0.0749996
1.7711e+09,4.13099,-0.906723,2.625;-0.0749996
1.7711e+09,4.17416,-0.881492,2.625;-0.0749996
1.7711e+09,4.21733,-0.856262,2.625;-0.0749996
1.7711e+09,4.2605,-0.831032,2.625;-0.0749996
1.7711e+09,4.30366,-0.805801,2.625;-0.0749996
1.7711e+09,4.34683,-0.780571,2.625;-0.0749996
1.7711e+09,4.39,-0.755341,2.625;-0.0749996
1.7711e+09,4.43317,-0.73011,2.625;-0.0749996
1.7711e+09,4.47633,-0.70488,2.625;-0.0749996
1.7711e+09,4.5195,-0.67965,2.625;-0.0749996
1.7711e+09,4.56267,-0.65442,2.625;-0.0749996
1.7711e+09,4.60584,-0.629189,2.625;-0.0749996
1.7711e+09,4.649,-0.603959,2.625;-0.0749996
1.7711e+09,4.69217,-0.578729,2.625;-0.0749996
1.7711e+09,4.73534,-0.553498,2.625;-0.0749996
1.7711e+09,4.77851,-0.528268,2.625;-0.0749996
1.7711e+09,4.82167,-0.503038,2.625;-0.0749996
1.7711e+09,4.86484,-0.477807,2.625;-0.0749996
1.7711e+09,4.90801,-0.452577,2.625;-0.0749996
1.7711e+09,4.95118,-0.427347,2.625;-0.0749996
1.7711e+09,4.99434,-0.402116,2.625;-0.0749996
1.7711e+09,5.03751,-0.376886,2.625;-0.0749996
1.7711e+09,5.08068,-0.351656,2.625;-0.0749996
1.7711e+09,5.12385,-0.326426,2.625;-0.0749996
1.7711e+09,5.16701,-0.301195,2.625;-0.0749996
1.7711e+09,5.21018,-0.275965,2.625;-0.0749996
1.7711e+09,5.25335,-0.250735,2.625;-0.0749996
1.7711e+09,5.29651,-0.225504,2.625;-0.0749996
1.7711e+09,5.33968,-0.200274,2.625;-0.0749996
1.7711e+09,5.38285,-0.175044,2.625;-0.0749996
1.7711e+09,5.42602,-0.149813,2.625;-0.0749996|5.325;-0.0749996
1.7711e+09,5.46918,-0.124583,2.625;-0.0749996|5.325;-0.0749996
1.7711e+09,5.51235,-0.0993527,2.625;-0.0749996|5.325;-0.0749996
1.7711e+09,5.55552,-0.0741224,2.625;-0.0749996|5.475;-0.0749996
1.7711e+09,5.59869,-0.0488921,2.625;-0.0749996|5.475;-0.0749996
1.7711e+09,5.64185,-0.0236618,2.625;-0.0749996|5.475;-0.0749996
1.7711e+09,5.68502,0.00156854,2.625;-0.0749996|5.475;-0.0749996
1.7711e+09,5.72819,0.0267988,2.625;-0.0749996|5.475;-0.0749996
1.7711e+09,5.77136,0.0520292,2.625;-0.0749996|5.475;-0.0749996
1.7711e+09,5.81452,0.0772595,2.625;-0.0749996|5.475;-0.0749996
1.7711e+09,5.85769,0.10249,2.625;-0.0749996|5.475;-0.0749996
1.7711e+09,5.90086,0.12772,2.625;-0.0749996|5.475;-0.0749996
1.7711e+09,5.94403,0.15295,2.625;-0.0749996|5.475;-0.0749996
1.7711e+09,5.98719,0.178181,2.625;-0.0749996|5.475;-0.0749996
1.7711e+09,6.03036,0.203411,2.625;-0.0749996|5.475;-0.0749996
1.7711e+09,6.07353,0.228641,2.625;-0.0749996|5.475;-0.0749996
1.7711e+09,6.1167,0.253872,2.625;-0.0749996|5.475;-0.0749996
1.7711e+09,6.15986,0.279102,2.625;-0.0749996|5.475;-0.0749996
1.7711e+09,6.20303,0.304332,2.625;-0.0749996|5.475;-0.0749996
1.7711e+09,6.2462,0.329563,2.625;-0.0749996|5.475;-0.0749996
1.7711e+09,6.28937,0.354793,2.625;-0.0749996|5.475;-0.0749996
1.7711e+09,6.33253,0.380023,2.625;-0.0749996|5.475;-0.0749996
1.7711e+09,6.3757,0.405254,2.625;-0.0749996|5.475;-0.0749996
1.7711e+09,6.41887,0.430484,2.625;-0.0749996|5.475;-0.0749996
1.7711e+09,6.46204,0.455714,2.625;-0.0749996|5.475;-0.0749996
1.7711e+09,6.5052,0.480944,2.625;-0.0749996|5.475;-0.0749996
1.7711e+09,6.54837,0.506175,2.625;-0.0749996|5.475;-0.0749996
1.7711e+09,6.59154,0.531405,2.625;-0.0749996|5.475;-0.0749996
1.7711e+09,6.63471,0.556635,2.625;-0.0749996|5.475;-0.0749996
1.7711e+09,6.67787,0.581866,2.625;-0.0749996|5.475;-0.0749996
1.7711e+09,6.72104,0.607096,2.625;-0.0749996|5.475;-0.0749996
1.7711e+09,6.76421,0.632326,2.625;-0.0749996|5.475;-0.0749996
1.7711e+09,6.80738,0.657557,2.625;-0.0749996|5.475;-0.0749996
1.7711e+09,6.85054,0.682787,2.625;-0.0749996|5.475;-0.0749996
1.7711e+09,6.89371,0.708017,2.625;-0.0749996|5.475;-0.0749996
1.7711e+09,6.93688,0.733248,2.625;-0.0749996|5.475;-0.0749996
1.7711e+09,6.98005,0.758478,2.625;-0.0749996|5.475;-0.0749996
1.7711e+09,7.02321,0.783708,2.625;-0.0749996|5.475;-0.0749996
1.7711e+09,7.06638,0.808938,2.625;-0.0749996|5.475;-0.0749996
1.7711e+09,7.10955,0.834169,2.625;-0.0749996|5.475;-0.0749996
1.7711e+09,7.15272,0.859399,2.625;-0.0749996|5.475;-0.0749996
1.7711e+09,7.19588,0.884629,2.625;-0.0749996|5.475;-0.0749996
1.7711e+09,7.23905,0.90986,2.625;-0.0749996|5.475;-0.0749996
1.7711e+09,7.24767,0.942555,2.625;-0.0749996|5.475;-0.0749996
1.7711e+09,7.21877,0.983357,2.625;-0.0749996|5.475;-0.0749996
1.7711e+09,7.18986,1.02416,2.625;-0.0749996|5.475;-0.0749996
1.7711e+09,7.16096,1.06496,2.625;-0.0749996|5.475;-0.0749996
1.7711e+09,7.13206,1.10576,2.625;-0.0749996|5.475;-0.0749996
1.7711e+09,7.10316,1.14656,2.625;-0.0749996|5.475;-0.0749996
1.7711e+09,7.07426,1.18736,2.625;-0.0749996|5.475;-0.0749996
1.7711e+09,7.04536,1.22816,2.625;-0.0749996|5.475;-0.0749996
1.7711e+09,7.01646,1.26897,2.625;-0.0749996|5.475;-0.0749996
1.7711e+09,6.98756,1.30977,2.625;-0.0749996|5.475;-0.0749996
1.7711e+09,6.95866,1.35057,2.625;-0.0749996|5.475;-0.0749996
1.7711e+09,6.92976,1.39137,2.625;-0.0749996|5.475;-0.0749996
1.7711e+09,6.90086,1.43217,2.625;-0.0749996|5.475;-0.0749996
1.7711e+09,6.87196,1.47297,2.625;-0.0749996|5.475;0.0750004
1.7711e+09,6.84305,1.51377,2.625;-0.0749996|5.475;0.225
1.7711e+09,6.81415,1.55457,2.625;-0.0749996|5.475;0.225
1.7711e+09,6.78525,1.59538,2.625;-0.0749996|5.475;0.225
1.7711e+09,6.75635,1.63618,2.625;-0.0749996|5.475;0.225
1.7711e+09,6.72745,1.67698,2.625;-0.0749996|5.475;0.525
1.7711e+09,6.69855,1.71778,2.625;-0.0749996|5.475;0.525
1.7711e+09,6.66965,1.75858,2.625;-0.0749996|5.475;0.525
1.7711e+09,6.64075,1.79938,2.625;-0.0749996|5.475;0.525
1.7711e+09,6.61185,1.84018,2.625;-0.0749996|5.475;0.675
1.7711e+09,6.58295,1.88098,2.625;-0.0749996|5.475;0.825
1.7711e+09,6.55405,1.92178,2.625;-0.0749996|5.475;0.825
1.7711e+09,6.52514,1.96259,2.625;-0.0749996|5.325;0.825
1.7711e+09,6.49624,2.00339,2.625;-0.0749996|5.325;0.825
1.7711e+09,6.46734,2.04419,2.625;-0.0749996|5.325;0.825
1.7711e+09,6.43844,2.08499,2.625;-0.0749996|4.725;2.025|5.025;2.175
1.7711e+09,6.40954,2.12579,2.625;-0.0749996|4.725;2.025|5.025;2.175
1.7711e+09,6.38064,2.16659,2.625;-0.0749996|4.725;2.025|5.025;2.175
1.7711e+09,6.35174,2.20739,2.625;-0.0749996|4.725;2.025|5.025;2.175
1.7711e+09,6.32284,2.24819,2.625;-0.0749996|4.725;2.025|5.025;2.175
1.7711e+09,6.29394,2.289,2.625;-0.0749996|4.725;2.025|5.025;2.175
1.7711e+09,6.26504,2.3298,2.625;-0.0749996|4.725;2.025|5.025;2.175
1.7711e+09,6.23614,2.3706,2.625;-0.0749996|4.725;2.025|5.025;2.175
1.7711e+09,6.20724,2.4114,2.625;-0.0749996|4.725;2.025|5.025;2.175
1.7711e+09,6.17833,2.4522,2.625;-0.0749996|4.725;2.025|5.025;2.175
1.7711e+09,6.14943,2.493,2.625;-0.0749996|4.725;2.025|5.025;2.175
1.7711e+09,6.12053,2.5338,2.625;-0.0749996|4.725;2.025|5.025;2.175
1.7711e+09,6.09163,2.5746,2.625;-0.0749996|4.725;2.025|5.025;2.175
1.7711e+09,6.06273,2.61541,2.625;-0.0749996|4.725;2.025|5.025;2.175
1.7711e+09,6.03383,2.65621,2.625;-0.0749996|4.725;2.025|5.025;2.175
1.7711e+09,6.00493,2.69701,2.625;-0.0749996|4.725;2.025|5.025;2.175
1.7711e+09,5.97603,2.73781,2.625;-0.0749996|4.725;2.025
1.7711e+09,5.94713,2.77861,2.625;-0.0749996|4.725;2.025
1.7711e+09,5.91823,2.81941,2.625;-0.0749996|4.725;2.025
1.7711e+09,5.88933,2.86021,2.625;-0.0749996|4.725;2.025
1.7711e+09,5.86043,2.90101,2.625;-0.0749996|4.725;2.025
1.7711e+09,5.83152,2.94182,2.625;-0.0749996|4.725;2.025
1.7711e+09,5.80262,2.98262,2.625;-0.0749996|4.725;2.025
1.7711e+09,5.79228,3.02478,2.625;-0.0749996|4.725;2.025
1.7711e+09,5.81492,3.06936,2.625;-0.0749996|4.725;2.025
1.7711e+09,5.83755,3.11394,2.625;-0.0749996|4.725;2.025
1.7711e+09,5.86019,3.15853,2.625;-0.0749996|4.725;2.025
1.7711e+09,5.88282,3.20311,2.625;-0.0749996|4.725;2.025
1.7711e+09,5.90546,3.24769,2.625;-0.0749996|4.725;2.025
1.7711e+09,5.9281,3.29228,2.625;-0.0749996|4.725;2.025
1.7711e+09,5.95073,3.33686,2.625;0.0750004|4.725;2.175
1.7711e+09,5.97337,3.38144,2.625;0.0750004|4.725;2.175
1.7711e+09,5.996,3.42602,2.625;0.0750004|4.725;2.175
1.7711e+09,6.01864,3.47061,2.625;0.0750004|4.725;2.175
1.7711e+09,6.04128,3.51519,2.625;0.0750004|4.725;2.175
1.7711e+09,6.06391,3.55977,2.625;0.0750004|4.725;2.175
1.7711e+09,6.08655,3.60435,2.175;1.425|3.225;2.475|5.925;3.525
1.7711e+09,6.10919,3.64894,2.175;1.425|3.225;2.475|5.925;3.525
1.7711e+09,6.13182,3.69352,2.175;1.425|3.225;2.475|5.925;3.525
1.7711e+09,6.15446,3.7381,2.625;0.0750004|4.725;2.175
1.7711e+09,6.17709,3.78268,2.175;1.425|3.225;2.475|5.925;3.525
1.7711e+09,6.19973,3.82727,2.175;1.425|3.225;2.475|5.925;3.525
1.7711e+09,6.22237,3.87185,2.175;1.425|3.225;2.475|5.925;3.525
1.7711e+09,6.245,3.91643,2.175;1.425|3.225;2.475|5.925;3.675
1.7711e+09,6.26764,3.96101,2.175;1.425|3.225;2.475|5.925;3.675
1.7711e+09,6.29027,4.0056,2.175;1.425|3.225;2.475|5.925;3.675
1.7711e+09,6.31291,4.05018,2.175;1.425|3.225;2.475|5.925;3.675
1.7711e+09,6.33555,4.09476,2.175;1.425|3.225;2.475|5.925;3.675
1.7711e+09,6.35818,4.13935,2.175;1.425|3.225;2.475|5.925;3.675
1.7711e+09,6.38082,4.18393,2.175;1.425|3.225;2.475|5.925;3.675
1.7711e+09,6.40345,4.22851,2.175;1.425|3.225;2.475|5.775;3.675
1.7711e+09,6.42609,4.27309,2.175;1.425|3.225;2.475|5.775;3.675
1.7711e+09,6.44873,4.31768,2.175;1.425|3.225;2.475|5.775;3.675
1.7711e+09,6.47136,4.36226,2.175;1.425|3.225;2.475|5.775;3.675
1.7711e+09,6.494,4.40684,2.175;1.425|3.225;2.475|5.775;3.675
1.7711e+09,6.51663,4.45142,2.175;1.425|3.225;2.475|5.775;3.675
1.7711e+09,6.53927,4.49601,2.175;1.425|3.225;2.475|5.775;3.675
1.7711e+09,6.56191,4.54059,2.175;1.425|3.225;2.475|5.775;3.825
1.7711e+09,6.58454,4.58517,2.175;1.425|3.225;2.475|5.775;3.825
1.7711e+09,6.60718,4.62975,2.175;1.425|3.225;2.475|5.775;3.675
1.7711e+09,6.62981,4.67434,2.175;1.425|3.225;2.475|5.775;3.825
1.7711e+09,6.65245,4.71892,2.175;1.425|3.225;2.475|5.775;3.825
1.7711e+09,6.67509,4.7635,2.175;1.425|3.225;2.475|5.775;3.825
1.7711e+09,6.69772,4.80808,2.175;1.425|3.225;2.475|5.775;3.975
1.7711e+09,6.72036,4.85267,2.175;1.425|3.225;2.475|5.775;3.975
1.7711e+09,6.74299,4.89725,2.175;1.425|3.225;2.475|5.775;3.975
1.7711e+09,6.76563,4.94183,2.175;1.425|3.225;2.475|5.775;3.825
1.7711e+09,6.78827,4.98642,2.175;1.425|3.225;2.475|5.775;3.975
1.7711e+09,6.8109,5.031,2.175;1.425|3.225;2.475|5.775;3.975
1.7711e+09,6.83354,5.07558,2.175;1.425|3.225;2.475|5.775;3.975
1.7711e+09,6.85617,5.12016,2.175;1.425|3.225;2.475|5.625;3.975
1.7711e+09,6.87881,5.16475,2.175;1.425|3.225;2.475|5.625;3.975
1.7711e+09,6.90145,5.20933,2.175;1.425|3.225;2.475|5.775;3.975
1.7711e+09,6.92408,5.25391,2.175;1.425|3.225;2.475|5.625;3.975
1.7711e+09,6.94672,5.29849,2.175;1.425|3.225;2.475|5.625;3.975
1.7711e+09,6.96935,5.34308,2.175;1.425|3.225;2.475|5.625;3.975
1.7711e+09,6.99199,5.38766,2.175;1.425|3.225;2.475|5.625;3.975
1.7711e+09,7.01463,5.43224,2.175;1.425|3.225;2.475|5.625;4.125
1.7711e+09,7.03726,5.47682,2.175;1.425|3.225;2.475|5.625;4.125
1.7711e+09,7.0599,5.52141,2.175;1.425|3.225;2.475|5.625;3.975
1.7711e+09,7.08253,5.56599,2.175;1.425|3.225;2.475|5.625;4.125
1.7711e+09,7.10517,5.61057,2.175;1.425|3.225;2.475|5.625;4.125
1.7711e+09,7.12781,5.65515,2.175;1.425|3.225;2.475|5.625;4.125
1.7711e+09,7.15044,5.69974,2.175;1.425|3.225;2.475|5.625;4.125
1.7711e+09,7.17308,5.74432,2.175;1.425|3.225;2.475|5.475;4.125
1.7711e+09,7.19571,5.7889,2.175;1.425|3.225;2.475|5.475;4.125
1.7711e+09,7.21835,5.83349,2.175;1.425|3.225;2.475|5.625;4.125
1.7711e+09,7.24099,5.87807,2.175;1.425|3.225;2.475|5.475;4.125
1.7711e+09,7.26362,5.92265,2.175;1.425|3.225;2.475|5.475;4.125
1.7711e+09,7.28626,5.96723,2.175;1.425|3.225;2.475|5.475;4.125
1.7711e+09,7.30889,6.01182,2.175;1.425|3.225;2.475|5.475;4.275
1.7711e+09,7.33153,6.0564,2.175;1.425|3.225;2.475|5.475;4.275
1.7711e+09,7.35417,6.10098,2.175;1.425|3.225;2.475|5.475;4.125
1.7711e+09,7.3768,6.14556,2.175;1.425|3.225;2.475|5.475;4.125
1.7711e+09,7.39944,6.19015,2.175;1.425|3.225;2.475|5.475;4.275
1.7711e+09,7.42207,6.23473,2.175;1.425|3.225;2.475|5.475;4.275
1.7711e+09,7.44471,6.27931,2.175;1.425|3.225;2.475|5.475;4.275
1.7711e+09,7.46735,6.32389,2.175;1.425|3.225;2.475|5.475;4.425
1.7711e+09,7.48998,6.36848,2.175;1.425|3.225;2.475|5.475;4.425
1.7711e+09,7.51262,6.41306,2.175;1.425|3.225;2.475|5.475;4.275|7.425;6.225
1.7711e+09,7.53525,6.45764,2.175;1.425|3.225;2.475|5.475;4.425|7.425;6.375
1.7711e+09,7.55789,6.50222,2.175;1.425|3.225;2.475|5.475;4.425|7.425;6.375
1.7711e+09,7.58053,6.54681,2.175;1.425|3.225;2.475|5.475;4.425|7.425;6.375
1.7711e+09,7.60316,6.59139,2.175;1.425|3.225;2.475|5.475;4.425|7.425;6.375
1.7711e+09,7.6258,6.63597,2.175;1.425|4.275;3.375|6.375;5.475
1.7711e+09,7.64843,6.68056,2.175;1.425|4.275;3.375|6.375;5.475
1.7711e+09,7.67107,6.72514,2.175;1.425|3.225;2.475|5.475;4.425|7.575;6.525
1.7711e+09,7.69371,6.76972,2.175;1.425|4.275;3.375|6.375;5.475
1.7711e+09,7.71634,6.8143,2.175;1.425|4.275;3.375|6.375;5.475
1.7711e+09,7.73898,6.85889,2.175;1.425|4.275;3.375|6.375;5.475
1.7711e+09,7.76161,6.90347,2.175;1.425|4.275;3.525|6.375;5.625
1.7711e+09,7.78425,6.94805,2.175;1.425|4.275;3.525|6.375;5.625
1.7711e+09,7.80689,6.99263,2.175;1.425|4.275;3.375|6.375;5.475
1.7711e+09,7.82952,7.03722,2.175;1.425|4.275;3.375|6.375;5.475
1.7711e+09,7.85216,7.0818,2.175;1.425|4.275;3.525|6.375;5.625
1.7711e+09,7.87479,7.12638,2.175;1.425|4.275;3.525|6.375;5.625
1.7711e+09,7.89743,7.17096,2.175;1.425|4.275;3.525|6.375;5.625
1.7711e+09,7.92007,7.21555,2.175;1.575|4.275;3.675|6.375;5.775
1.7711e+09,7.88397,7.23125,2.175;1.575|4.275;3.675|6.375;5.775
1.7711e+09,7.83484,7.24055,2.175;1.575|4.275;3.675|6.375;5.775
1.7711e+09,7.78571,7.24984,2.175;1.575|4.275;3.675|6.375;5.775
1.7711e+09,7.73659,7.25914,2.175;1.575|4.275;3.675|6.375;5.775
1.7711e+09,7.68746,7.26843,2.175;1.575|4.275;3.675|6.375;5.775
1.7711e+09,7.63833,7.27773,2.175;1.575|4.275;3.675|6.375;5.775
1.7711e+09,7.5892,7.28703,2.175;1.575|4.275;3.675|6.375;5.775
1.7711e+09,7.54007,7.29632,2.175;1.575|4.275;3.675|6.375;5.775
1.7711e+09,7.49094,7.30562,2.175;1.575|4.275;3.675|6.375;5.775|6.675;6.075
1.7711e+09,7.44182,7.31492,2.175;1.575|4.275;3.675|6.375;5.775|6.675;6.075
1.7711e+09,7.39269,7.32421,2.175;1.575|4.275;3.675|6.375;5.775|6.675;6.075
1.7711e+09,7.34356,7.33351,2.175;1.575|4.275;3.675|6.375;5.775|6.675;6.075
1.7711e+09,7.29443,7.3428,2.175;1.575|4.275;3.675|6.375;5.775|6.675;6.075
1.7711e+09,7.2453,7.3521,2.175;1.575|4.275;3.675|6.375;5.775|6.675;6.075
1.7711e+09,7.19618,7.3614,2.175;1.575|4.275;3.675|6.375;5.775|6.675;6.075
1.7711e+09,7.14705,7.37069,2.175;1.575|4.275;3.675|6.375;5.775|6.675;6.075
1.7711e+09,7.09792,7.37999,2.175;1.575|4.275;3.675|6.375;5.775|6.675;6.075
1.7711e+09,7.04879,7.38928,2.175;1.575|4.275;3.675|6.375;5.775|6.675;6.075
1.7711e+09,6.99966,7.39858,2.175;1.575|4.275;3.675|6.375;5.775|6.675;6.075
1.7711e+09,6.95053,7.40788,2.175;1.575|4.275;3.675|6.375;5.775|6.675;6.075
1.7711e+09,6.90141,7.41717,2.175;1.575|4.275;3.675|6.375;5.775|6.675;6.075
1.7711e+09,6.85228,7.42647,1.275;2.325|3.375;4.425|5.475;6.525|5.775;6.825
1.7711e+09,6.80315,7.43576,1.275;2.325|3.375;4.425|5.475;6.525|5.775;6.825
1.7711e+09,6.75402,7.44506,1.275;2.325|3.375;4.425|5.475;6.525|5.775;6.825
1.7711e+09,6.70489,7.45436,1.275;2.325|3.375;4.425|5.475;6.525
1.7711e+09,6.65576,7.46365,1.275;2.325|3.375;4.425|5.475;6.525
1.7711e+09,6.60664,7.47295,1.275;2.325|3.375;4.425|5.475;6.525
1.7711e+09,6.55751,7.48225,1.275;2.325|3.375;4.425|5.475;6.525
1.7711e+09,6.50838,7.49154,1.275;2.325|3.375;4.425|5.475;6.525
1.7711e+09,6.45925,7.50084,1.275;2.325|3.375;4.425|5.475;6.525
1.7711e+09,6.41012,7.51013,1.125;2.325|3.225;4.425|5.325;6.525
1.7711e+09,6.361,7.51943,1.125;2.325|3.225;4.425|5.325;6.525
1.7711e+09,6.31187,7.52873,1.125;2.325|3.225;4.425|5.325;6.525
1.7711e+09,6.26274,7.53802,1.125;2.475|3.225;4.575|5.325;6.675
1.7711e+09,6.21361,7.54732,1.125;2.475|3.225;4.575|5.325;6.675
1.7711e+09,6.16448,7.55661,1.125;2.475|3.225;4.575|5.325;6.675
1.7711e+09,6.11535,7.56591,0.975;2.475|3.075;4.575|5.175;6.675
1.7711e+09,6.06623,7.57521,0.975;2.475|3.075;4.575|5.175;6.675
1.7711e+09,6.0171,7.5845,0.975;2.475|3.075;4.575|5.175;6.675
1.7711e+09,5.96797,7.5938,0.825;2.475|2.925;4.575|5.025;6.675
1.7711e+09,5.91884,7.60309,0.825;2.475|2.925;4.575|5.025;6.675
1.7711e+09,5.86971,7.61239,0.825;2.475|2.925;4.575|5.025;6.675
1.7711e+09,5.82058,7.62169,0.675;2.475|2.775;4.575|4.875;6.675
1.7711e+09,5.77146,7.63098,0.675;2.475|2.775;4.575|4.875;6.675
1.7711e+09,5.72233,7.64028,0.675;2.475|2.775;4.575|4.875;6.675
1.7711e+09,5.6732,7.64958,0.675;2.625|2.775;4.725|4.875;6.825
1.7711e+09,5.62407,7.65887,0.525;2.625|2.625;4.725|4.725;6.825
1.7711e+09,5.57494,7.66817,0.525;2.625|2.625;4.725|4.725;6.825
1.7711e+09,5.52582,7.67746,0.375;2.625|2.475;4.725|4.575;6.825
1.7711e+09,5.47669,7.68676,0.375;2.625|2.475;4.725|4.575;6.825
1.7711e+09,5.42756,7.69606,0.375;2.625|2.475;4.725|4.575;6.825
1.7711e+09,5.37843,7.70535,0.225;2.625|2.325;4.725|4.425;6.825
1.7711e+09,5.3293,7.71465,0.225;2.625|2.325;4.725|4.425;6.825
1.7711e+09,5.28017,7.72394,0.225;2.625|2.325;4.725|4.425;6.825
1.7711e+09,5.23105,7.73324,0.0750004;2.625|2.175;4.725|4.275;6.825
1.7711e+09,5.18192,7.74254,0.0750004;2.625|2.175;4.725|4.275;6.825
1.7711e+09,5.13279,7.75183,0.0750004;2.625|2.175;4.725|4.275;6.825
1.7711e+09,5.08366,7.76113,-0.0749996;2.625|2.025;4.725|4.125;6.825
1.7711e+09,5.03453,7.77043,-0.0749996;2.625|2.025;4.725|4.125;6.825
1.7711e+09,4.98541,7.77972,-0.0749996;2.625|2.025;4.725|4.125;6.825
1.7711e+09,4.93628,7.78902,-0.0749996;2.625|1.875;4.725|3.975;6.825
1.7711e+09,4.88715,7.79831,-0.0749996;2.625|1.875;4.725|3.975;6.825
1.7711e+09,4.83802,7.80761,-0.0749996;2.625|1.875;4.875|3.975;6.975
1.7711e+09,4.78889,7.81691,-0.0749996;2.625|1.725;4.875|3.825;6.975
1.7711e+09,4.73976,7.8262,-0.0749996;2.625|1.725;4.875|3.825;6.975
1.7711e+09,4.69064,7.8355,-0.0749996;2.625|1.725;4.875|3.825;6.975
1.7711e+09,4.64151,7.84479,-0.0749996;2.625|1.575;4.875|3.675;6.975
1.7711e+09,4.59238,7.85409,-0.0749996;2.625|1.575;4.875|3.675;6.975
1.7711e+09,4.54325,7.86339,-0.0749996;2.625|1.575;4.875|3.675;6.975
1.7711e+09,4.49412,7.87268,-0.0749996;2.625|1.575;5.025|3.675;7.125
1.7711e+09,4.44499,7.88198,-0.0749996;2.625|1.575;5.025|3.675;7.125
